々	ビト	ザマ	ツギ	ビ	ジョ	ダイ	カズ	ギ	スガ	バナ	モク	オリ	ヤマ	ユー	ギツギ	ブカ	ウラ	ドー	ガタ	グチ	ネン	ベツ	ツ	アオ	シブ	ウイ	マチ	チャク	ソー	オ	ジマ	サ	ダン	ヨー	テイ	ヅキ	イヤ	ノチ	ミナミ	ミガミ	ビロ	イエ	バヤ	ロー	ワレ	ダケ	ボシ	タン	ラ	イ	ダク	ヨク	オー	テン	シン	ミズ	ワカ	ゾー	ムラ	リュー	セイ	アラ
丁	テイ	チョー
万	マン	バン
丈	ジョー	タケ
上	ジョー	ア	ウエ	ノボ	ウワ	カミ	アゲ	ウ	ガミ	ジロ
下	カ	シタ	サ	クダ	オ	ゲ	ヘ	シモ
不	フ	ブ
与	アタ	ヨ	クミ
丑	ウシ
且	カ
世	セ	セイ	ヨ
丘	オカ	キュー
丙	ヘイ	ヒノエ
両	リョー	モロ
並	ナラ	ナ	ナミ	ヘイ
中	ナカ	チュー	ジュー
串	クシ
丸	マル	ガン
丹	タン	ニ
主	シュ	ヌシ	オモ	ズ
丼	ドンブリ	ドン
乃	ノ
久	ヒサ	キュー	ク
之	ノ
乏	ボー	トボ
乗	ノ	ジョー	ノリ
乙	オト	オツ
乞	コ	キッ	ゴ
也	ナリ
乱	ラン	ミダ
乳	ニュー	ウ	チチ
乾	カン	カワ
亀	キ	カメ
了	リョー
予	ヨ
争	ソー	アラソ
事	ジ	ゴト	コト
互	タガ	ゴ
井	イ	イノ	ジョー	セイ
些	サ
亜	ア
亡	ナ	ボー	モー
交	コー	カ	マ	マジ
亥	イ
享	キョー	ウ
京	キョー	ケイ
亭	テイ
人	ジン	ヒト	ニン	リ	ナ	ビト	ト	ド	---
仁	ジン	ニン	ニ
今	イマ	コン	キョー	コ	ケ
介	カイ
仏	ブツ	ブッ	フツ	ホトケ	ボトケ
仕	シ	ツカ	ジ
他	タ	ホカ
付	ツ	フ	ヅ	ヅケ	プ	ツケ
仙	セン
代	ダイ	カ	タイ	ヨ	ガ	シロ
令	レイ
以	イ
仮	カ	カリ	ケ
仰	コー	ギョー	アオ	オオ
仲	ナカ	チュー	ナコー
件	ケン
任	ニン	マカ
企	キ	クワダ
伊	イ	ダ
伎	キ	ギ
伏	フ	フク	ブ	フシ	ブシ	プク
伐	バツ	バッ
休	キュー	ヤス
会	カイ	ア	ガイ	エ
伝	ツタ	デン	ツダ	テン	ヅタ
伯	ハク	オ	エキ
伴	トモナ	ハン	バン
伸	ノ	シン
伺	ウカガ	シ
似	ニ	ジ	ネ
伽	ガ
但	タダ	タジ	タン
佇	タタズ
位	イ	クライ
低	テイ	ヒク
住	ジュー	ス
佐	サ
体	タイ	カラダ
何	ナン	ナニ	カ
余	ヨ	アマ
作	サク	ツク	サ	サッ	ヅク
佳	カ
併	アワ	ヘイ	ペイ
使	ツカ	シ
例	レイ	タト
侍	サムライ	ジ	ハベ
侘	ワビ
供	ドモ	キョー	ソナ	トモ	ク
依	イ	エ
価	カ	アタイ
侮	アナド	ブ
侯	コー
侵	シン	オカ
侶	リョ
便	ビン	ベン	タヨ	ダヨ
係	ケイ	カカリ	ガカリ
促	ウナガ	ソク
俊	シュン
俗	ゾク
保	ホ	タモ	ポ
信	シン	ノブ	シナ
俣	マタ
修	シュー	シュ	オサ
俯	フ
俳	ハイ
俵	ヒョー	ピョー	ダワラ
俸	ホー	ポー
俺	オレ
倆	リョー
倉	ソー	クラ
個	コ
倍	バイ
倒	トー	タオ	ドー
候	コー
借	カ	シャッ	シャク	カリ
倣	ホー	ナラ
値	チ	ネ	アタイ
倫	リン
倹	ケン
偉	イ	エラ
偏	ヘン	カタヨ
停	テイ
健	ケン	スコ
偲	シノ
側	ガワ	ソク	ソッ
偵	テイ
偶	グー
偽	ギ	ニセ	イツワ
傍	ボー	カタワ	カタワラ
傑	ケッ	ケツ
傘	カサ	サン	ガサ
備	ビ	ソナ	ビン
催	サイ	モヨオ
傭	ヨー
傲	ゴー
債	サイ
傷	キズ	ショー	イタ
傾	カタム	ケイ
僅	ワズ	キン
働	ドー	ハタラ
像	ゾー
僕	ボク
僚	リョー
僧	ソー	ゾー
儀	ギ
億	オク
儒	ジュ
儘	ママ
儚	ハカナ
償	ショー	ツグナ
優	ユー	スグ	ヤサ
元	モト	ゲン	ガン
兄	キョー	ニイ	アニ	ケイ
充	ジュー	ア
兆	チョー	キザ
先	セン	サキ
光	コー	ヒカリ	ヒカ	ミツ	ビカリ
克	コク	コッ
免	メン	マヌガ
児	ジ	ゴ	コ	ニ
党	トー
入	イ	ニュー	ハイ	イリ
全	ゼン	マッタ	スベ
公	コー	オオヤケ	ク
共	キョー	トモ
兵	ヘイ	ペイ	ヒョー	ベ
具	グ
典	テン
兼	ケン	カ
内	ナイ	ダイ	ウチ	ツナイ
円	エン	マル
冊	サツ	サッ	ザク
再	サイ	フタタ
冒	ボー	オカ
冗	ジョー
写	シャ	ウツ
冠	カン	カンムリ
冥	メイ	ミョー
冬	フユ	トー
冴	サ
冶	ヤ	ジ	ヨル
冷	レイ	ツメ	ヒ	サ	ザ
凄	スサ	セイ	スゴ
准	ジュン
凍	トー	コオ	コゴ
凛	リン
凝	ギョー	コ
几	キ
凡	ボン	ハン
処	ショ
凶	キョー
凸	トツ	デコ	トッ
凹	ボコ	オー	ヘコ
出	デ	ダ	シュツ	シュッ	イズ	ダシ	スイ
刀	トー	ナイ	チ	カタナ
刃	ハ	ジン
分	ブン	ワ	フン	プン	ブ	イタ
切	セツ	キ	ギ	サイ	セッ	キッ	キリ
刈	カ
刊	カン
刑	ケイ
列	レツ	レッ
初	ハジ	ショ	ハツ	ウイ	ゾ
判	ハン	バン	パン
別	ベツ	ベッ	ワカ
利	リ	キ
到	トー
制	セイ
刷	サツ	ス	サッ
券	ケン
刹	サツ	セツ
刺	シ	サ	ザ
刻	コク	キザ
則	ソク	ノリ
削	サク	ケズ	ソ
前	マエ	ゼン	サキ
剖	ボー
剛	ゴー
剝	ハ	ハク
剣	ケン	ツルギ
剤	ザイ
剥	ハ	ハク	ム
剪	セン
副	フク
剰	ジョー
割	ワリ	ワ	カツ	サ	カッ
創	ソー
劇	ゲキ
力	リョク	チカラ	リキ	リ	ヂカラ
功	コー	ク
加	カ	クワ	ガ
劣	レッ	レツ	オト
助	ジョ	タス	ダス	スケ
努	ド	ツト
励	ハゲ	レイ
労	ロー	ネギラ
効	コー	キ
劾	ガイ
勃	ボッ
勅	チョク
勇	ユー	イサ
勉	ベン
動	ドー	ウゴ
勘	カン
務	ム	ツト
勝	ショー	カ	カッ	マサ
募	ボ	ツノ
勢	セイ	ゼイ	イキオ	セ
勤	キン	ツト
勧	スス	カン
勲	クン
勾	コー
匂	ニオ
包	ツツ	ホー	クル
化	カ	ケ	バ	ゲ
北	ホッ	キタ	ホク	ホー	ボク
匠	ショー	タクミ
匹	ピキ	ヒッ	ヒキ	ヒツ
区	ク	マチ
医	イ
匿	トク	カクマ
十	0	1	ジュー	_	10	タ	トオ	ト	ツ
千	セン	ゼン	チ	センノ
升	マス	ショー
午	ゴ	ウマ
半	ハン
卑	ヒ	イヤ
卒	ソツ	ソッ
卓	タク	タッ
協	キョー
南	ナン	ミナミ	ナ
単	タン
博	ハク	バク	ヒロ	ハカ
占	ウラナ	セン	シ
卯	ウ
印	イン	ジルシ
危	キ	アブ
即	ソク	ソッ
却	キャク	キャッ	カエ
卵	タマゴ	ラン
卸	オロシ	オロ
厄	ヤク	ヤッ
厘	リン
厚	アツ	コー
原	ゲン	ハラ	ワラ	バラ
厭	イト
厳	キビ	ゲン	オゴソ	ゴン	イツク
去	コ	サ	キョ
参	サン	マイ
又	マタ
及	キュー	オヨ
友	ユー	トモ
双	ソー	フタ
反	ハン	タン	ホン
収	シュー	オサ
叔	オ	シュク
取	ト	シュ	トリ	ド	トリノ
受	ウ	ジュ	ウケ
叙	ジョ
叡	エイ
口	クチ	グチ	コー	ク
古	フル	コ	ゴ
句	ク
叩	タタ
叫	サケ	キョー
召	メ	ショー
可	カ
台	タイ	ダイ	セリ
叱	シカ	シッ
史	シ
右	ユー	ミギ	ウ
叶	カナ
号	ゴー
司	シ
各	カク	カッ
合	ア	ゴー	アイ	ガッ	カッ	ガ
吉	ヨシ	キチ	キッ
吊	ツ	ヅ
同	ドー	オナ
名	メイ	ナ	ミョー
后	ゴー	コー
吏	リ
吐	ト	ハ
向	ム	コー	ナタ
君	クン	キミ	ギミ
吟	ギン
吠	ボ	ボー
否	ヒ	ピ	イナ
含	フク	ガン
吸	キュー	ス
吹	フ	ブキ	ブ	スイ
吾	アガ
呂	ロ
呆	ボー	ホー
呈	テイ
呉	ゴ
告	コク	ツ
呑	ノ
周	シュー	マワ
呪	ジュ	ノロ
味	ミ	アジ	イ	ミソ
呼	ヨ	コ
命	メイ	イノチ	ミョー
咄	トッ
和	ワ	ナゴ	ヤワ	ヨリ	ト	オ
咎	トガ
咤	タ
咬	カ
咲	サ
咽	イン
哀	アイ	アワ
品	ヒン	ピン	シナ	ジナ
員	イン
哲	テツ
哺	ホ
唄	ウタ
唆	ソソノカ	サ
唇	クチビル	シン
唐	トー	カラ
唯	ユイ	イ
唱	ショー	トナ
唾	ズ	ダ	ツバ
啄	タク
商	ショー
問	モン	ト	トン
啓	ケイ
善	ゼン
喉	ノド	コー
喚	カン	ワメ
喜	ヨロコ	キ
喝	カツ	カッ
喧	ケン
喩	ユ	タト
喪	モ	ソー
喫	キッ	キツ
喰	クイ
営	エイ	イトナ
嗅	キュー	カ
嗜	タシナ
嗟	サ
嗣	シ
嘆	タン	ナゲ
嘉	カ
嘔	オー
嘘	ウソ
嘩	カ
嘱	ショク
嘲	チョー	アザケ
噂	ウワサ
噌	ソ	シ
噛	カ
器	キ	ウツワ
噴	フン	フ
噺	ハナシ
嚇	カク
嚢	ノー
囃	ハヤ
囚	シュー	トラ
回	カイ	マワ
因	イン	ヨ
団	ダン	トン
困	コン	コマ
囲	イ	カコ	ガコ
図	ト	ズ	ハカ
固	カタ	コ	ゴ
国	コク	ゴク	クニ	コッ	グニ
圏	ケン
園	エン	ゾノ	ソノ
土	ド	ト	ツチ	ミヤ	ヅチ
圧	アッ	アツ
在	ザイ
地	チ	ジ
坂	サカ	ザカ
均	キン
坊	ボー	ボッ
坐	ザ
坑	コー
坪	ツボ
垂	タ	スイ	ダ
型	ガタ	ケイ	カタ
垣	ガキ	カキ
埃	ホコリ
埋	ウ	マイ
城	ジョー	シロ	ジロ	キ	ギ
域	イキ
執	ト	シュー	シッ	シツ
培	バイ	ツチカ
基	キ	モト
埼	サイ	ザキ
堀	ボリ	ホリ
堂	ドー
堅	ケン	ガタ
堆	タイ	ウズタカ
堕	ダ	オ
堡	ホ
堤	テイ
堪	タン	タ	カン
報	ホー	ムク	ポー
場	バ	ジョー
堵	ド
塀	ベイ	ヘイ
塁	ルイ
塊	カタマリ	カイ
塑	ソ
塔	トー
塗	ト	ヌ
塚	ツカ	ヅカ
塞	フサ	ソク	サイ
塡	テン	ハ
塩	シオ	エン
填	テン
塵	ジン
塾	ジュク
境	キョー	ケイ	サカイ
墓	ボ	ハカ
増	フ	ゾー	マ	マス
墜	ツイ	オ
墟	キョ
墨	スミ	ボク	ズミ
墳	フン
墾	コン	ハ
壁	カベ	ヘキ	ペキ
壇	ダン	タン
壊	カイ	コワ
壌	ジョー
士	シ	ジ	キシ	マ	セ
壮	ソー
声	コエ	セイ	ゴエ
壱	1	イ
売	バイ	ウ	ウリ
変	ヘン	カ	ペン
夏	ナツ	カ	ゲ
夕	ユー	バタ
外	ガイ	ソト	ハズ	ゲ	ホカ
多	オオ	タ
夜	ヨル	ヤ	ヨ	イエ
夢	ユメ	ム
大	オオ	タイ	ダイ	オト	ヤマ	オトナ
天	テン	アマ
太	タイ	タ	フト	ダイ	ダ	オオ
夫	フー	ブ	オット	フ	プ
央	オー
失	ウシナ	シッ	シツ	ナ
奇	キ
奈	ナ
奉	ホー	タテマツ	ポー	ブ
奏	ソー	カナ
契	ケイ	チギ
奔	ホン	ポン
奠	テンン
奥	オク	オー
奨	ショー
奪	ウバ	ダツ	ダッ
奮	フン	フル
女	ジョ	メ	オンナ	マ	ニョ	オ	ニョー
奴	ド	ヤツ	ツ
好	コー	ス	コノ	ズ	ゴノ	イコー
如	ニョ	ジョ	ゴト
妃	ヒ
妄	モー
妊	ニン
妓	ギ
妖	ヨー	アヤ
妙	ミョー
妥	ダ
妨	サマタ	ボー
妬	ネタ	ト
妹	マイ	イモート
妻	ツマ	サイ	ズマ	ヅマ
姉	アネ	シ	ネエ
始	ハジ	シ
姑	シュートメ
姓	セイ	ショー
委	イ	ユダ
姜	ガ
姫	ヒメ
姻	イン
姿	スガタ	シ
威	イ
娘	ムスメ
娠	シン
娯	ゴ
婆	バ	バア	ボー
婚	コン
婦	フ	プ
婿	ムコ	セイ
媒	バイ
媚	ビ
媛	ヒメ	エン
嫁	ヨメ	カ	トツ
嫉	ソネ	シッ
嫌	イヤ	キラ	ケン	ゲン
嫡	チャク
嬉	ウレ
嬢	ジョー
子	コ	シ	ス	ザ	ゴ	ジ	ネ	ガ
孔	コー
字	ジ
存	ソン	ゾン
孝	コー
季	キ
孤	コ
学	ガク	マナ	ガッ
孫	マゴ	ソン
孵	フ
宅	タク
宇	ウ
守	マモ	シュ	ス	モリ
安	アン	ヤス	ア
完	カン
宗	シュー	ムネ	ソー
官	カン
宙	チュー
定	テイ	サダ	ジョー
宛	ア	アテ
宜	ギ	ヨロ
宝	ホー	タカラ	ポー	ダカラ
実	ジツ	ジッ	ミ	ミノ
客	キャク	キャッ
宣	セン
室	シツ	ムロ	シ
宮	ミヤ	キュー	グー	クー	ク
宰	サイ	ザイ
害	ガイ
宴	エン	ウタゲ
宵	ヨイ	ショー
家	カ	イエ	ケ	ヤ	ゲ
宸	シン
容	ヨー
宿	ヤド	シュク
寂	ジャク	サビ
寄	ヨ	キ
寅	トラ
密	ミツ	ミッ	ヒソ
富	フ	ト	トミ	プ	フー
寒	サム	カン
寛	カン
寝	ネ	シン
察	サツ	サッ
寡	カ
寧	ネイ
審	シン
寮	リョー
寸	スン
寺	ジ	テラ	デラ
対	タイ	ツイ
寿	ジュ	ス	ズ
封	フー	ホー	プー
専	セン
射	シャ	イ	サ	ザ
将	ショー	カミ
尉	イ
尊	ソン	トート
尋	タズ	ジン	ヒロ
導	ドー	ミチビ
小	チイ	ショー	コ	オ	アズ	ゴ
少	スコ	スク	ショー
尚	ショー	ナオ
就	シュー	ツ	ナリ	ジュ
尺	シャク	シャッ
尻	シリ	シッ	ジリ
尼	ニ	アマ
尽	ツ	ジン	ヅ
尾	オ	ビ	ポ
尿	ニョー
局	キョク
居	イ	キョ	コ
屈	クツ	クッ
届	トド	トドケ
屋	ヤ	オク
展	テン
属	ゾク
層	ソー
履	ハ	リ	ハキ
屯	トン
山	ヤマ	ザン	サン	ダ
岐	キ	ギ	キノ
岡	オカ
岩	イワ	ガン
岬	ミサキ
岳	ガク	ダケ
岸	ガン	キシ	シ	ギシ
峙	ジ
峠	トーゲ
峡	キョー
峰	ホー	ミネ	ポー
島	シマ	トー	ジマ
崇	スー	アガ
崎	サキ	ザキ
崖	ガイ	ガケ
崩	クズ	ホー	レ
嵐	アラシ
嶼	ショ
川	カワ	ガワ	セン	カ
州	シュー	ス
巡	メグ	ジュン	マワ
巣	ス	ソー
工	コー	ク
左	サ	ヒダリ
巧	コー	タク
巨	キョ
差	サ	ザ	サシ
己	コ	キ
巳	ミ
巻	マ	カン	マキ	ケン
巾	キン
市	シ	イチ	シー
布	フ	プ	ヌノ	ブ
帆	ホ	ハン	パン
希	キ
帝	テイ
帥	スイ
師	シ	ジ
席	セキ	セ	セッ
帯	タイ	オ	オビ
帰	カエ	キ	ガエ
帳	チョー	ヤ	トバリ
常	ジョー	ツネ
帽	ボー
幅	ハバ	フク	プク
幕	マク	バク
幣	ヘイ
干	カン	ホ	ヒ	エ	ボ
平	ヘイ	ヒラ	ビョー	ペイ
年	ネン	トシ	ドシ
幸	シアワ	コー	サイワ	ユキ	サイワイ
幹	カン	ミキ
幻	ゲン	マボロシ
幼	オサナ	ヨー
幽	ユー
幾	イク	キ
庁	チョー
広	ヒロ	コー
庇	ヒ
床	ユカ	トコ	ショー	ドコ
序	ジョ
底	テイ	ソコ
店	テン	ミセ
府	フ	プ
度	ド	タビ	タク	ト
座	スワ	ザ
庫	コ	ゴ	ク
庭	ニワ	テイ
庵	イオリ
庶	ショ
康	コー	ヤス
庸	ヨー
廃	ハイ	スタ
廉	レン
廊	ロー
延	エン	ノ
廷	テイ
建	ケン	タテ	タ	コン
弁	ベン	ビラ
弄	ロー	モテアソ
弊	ヘイ
式	シキ
弐	2
弓	ユミ	キュー
弔	チョー	トムラ
引	ヒ	ヒキ	イン	ビ	ヒッ	ビキ
弘	ヒロ
弛	ユル
弟	デ	ダイ	オトート	テイ
弥	ヤ	イヤ	ミ
弦	ゲン
弧	コ
弱	ジャク	ヨワ
張	チョー	ハ	バ	パ	ワリ	バリ
強	キョー	ツヨ	ヅヨ	ゴー
弾	ダン	ヒ	ハジ	ハズ	ビ
当	トー	ア	ドー
彙	イ
形	ケイ	カタチ	ギョー	カタ	ガタ
彩	サイ	イロド
彫	チョー	ボ	ホ
彰	ショー
影	エイ	カゲ
役	ヤク	エキ
彼	カレ	カノ	カナ	アイ	ヒ
往	オー
征	セイ
径	ケイ	ミチ
待	マ	タイ	マチ
律	リツ	リッ
後	ゴ	アト	コー	ウシ	ノチ	サッ
徐	ジョ
徒	ト
従	ジュー	シタガ
得	エ	トク
御	ギョ	ゴ	オ
復	フク	フッ	プク
循	ジュン
微	ビ	ホホ	ヌルマ	カス
徳	トク	ドク
徴	チョー
徹	テッ	テツ
心	ココロ	シン	ココ	ゴコロ	ゴコ
必	ヒツ	カナラ	ヒッ
忌	キ	イ
忍	ニン	シノ
志	シ	ココロザ
忘	ワス	ボー
忙	イソガ	ボー
応	オー	ノー	コタ	ゴタ
忠	チュー
快	カイ	ココロヨ
念	ネン
怒	イカ	ド
怖	コワ	フ	オソ
思	オモ	シ
怠	オコタ	タイ	ナマ
急	キュー	イソ	セ
性	セイ	ショー	ジョー
怨	オン	ウラ	エン
怪	ケ	カイ	アヤ
恋	コイ	レン	コ
恐	オソ	キョー
恒	コー
恣	シ	ホシイママ
恥	ハ	チ	ハジ
恨	ウラ	コン
恩	オン
恫	ドー
恭	ウヤウヤ	キョー
息	イキ	ソク	ムス	イ
恵	メグ	エ	ケイ
悔	カイ	クヤ	ク
悟	サト	ゴ
悠	ユー
患	カン	ワズラ
悦	エツ
悩	ナヤ	ノー
悪	アク	ワル	アッ	オ
悲	カナ	ヒ	ガナ
悼	トー	イタ
情	ジョー	ゼイ	ナサ
惑	ワク	マド
惚	ホ
惜	オ	セキ
惣	ソー
惧	グ	オソ
惨	サン	ミジ	ザン
惰	ダ
想	ソー	ソ	オモ
惹	ヒ
愁	シュー	ウレ
愉	ユ
意	イ
愚	グ	オロ
愛	アイ	ワイ	エ	ア
感	カン
慄	リツ
慈	ジ	イツク
態	タイ	イタイ
慌	アワ	コー
慎	シン	ツツシ
慕	シタ	ボ
慢	マン
慣	カン	ナ	ナラ
慨	ガイ
慮	リョ
慰	ナグサ	イ
慶	ケイ
憂	ユー	ウレ	ウ
憎	ニク	ゾー
憑	ツ
憚	タン
憤	イキドオ	フン	プン
憧	アコガ	ドー
憩	ケイ	イコ
憬	ケイ	アコガ
憮	ブ
憲	ケン
憶	オク
憾	カン
懇	コン	ネンゴ
懐	ナツ	カイ	フトコロ
懲	コ	チョー
懸	ケン	ケ	カ	ガ
戌	イヌ
成	セイ	ナ	ナリ	ジョー
我	ガ	ワレ	ワ
戒	カイ	イマシ
戚	セキ
戦	セン	タタカ
戯	ギ	タワム	フザケ
戴	ダイ	イタダ	タイ
戸	ド	ト	コ
戻	モド
房	ボー	フサ
所	ショ	ジョ	ドコロ
扁	ヘン
扇	セン	オーギ
扉	トビラ	ヒ	ピ
手	テ	シュ	タ	ズ	デ	マ	テア
才	サイ
打	ウ	ダ	チ
払	ハラ	バラ	フッ	フツ
托	タク
扱	アツカ	アツカイ
扶	フ
批	ヒ
承	ショー
技	ギ	ワザ
抄	ショー
把	ハ	ワ
抑	オサ	ヨク
投	トー	ナ	ト
抗	コー
折	オ	セツ	オリ	セッ
抜	ヌ	バッ	バツ
択	タク
披	ヒ
抱	カカ	イダ	ダ	ホー	ボー
抵	テイ
抹	マッ	マツ
押	オ	オー	オシ
抽	チュー
担	タン	ニナ	カツ
拉	ラ	ラー
拍	ハク	パク	ヒョー
拐	カイ
拒	コバ	キョ
拓	タク	ヒラ
拗	ヨー
拘	コー	カカワ
拙	セツ	セッ	ツタナ
招	マネ	ショー
拝	パイ	ハイ	オガ
拠	コ	キョ	ヨ
拡	カク
括	カツ	クク	カッ
拭	フ	ヌグ	ショク
拳	コブシ	ケン
拶	サツ
拷	ゴー
拾	ヒロ	シュー	ビロ	ジュー
持	モ	ジ
指	シ	ザ	サ	ユビ
挑	チョー	イド
挙	キョ	ア
挟	ハサ	キョー
挨	アイ
挫	ザ
振	フ	シン	フリ	フル	ブ
挽	ヒ
挿	ソー	サ	サシ
捉	トラ	ソク
捕	ホ	ト	ツカ	ド
捗	チョク
捜	ソー	サガ
捧	ササ
捨	ス	シャ
据	ス
捺	オ	ナツ
捻	ネン
掃	ソー	ハ
授	ジュ	サズ
掌	ショー	テノヒラ
排	ハイ
掘	クツ	ホ	クッ
掛	カ	カケ
採	サイ	ト
探	サガ	タン	サグ
接	セツ	セッ	ツ
控	ヒカ	コー
推	スイ	オ
措	ソ
掲	ケイ	カカ
掴	ツカ
掻	カ
揃	ソロ	ゾロ
揆	キ
描	エガ	ビョー	カ	ガ
提	テイ	チョー
揚	ア	ヨー
換	カン	カ
握	アク	ニギ
揮	キ
援	エン
揺	ユ	ヨー
損	ソン	ソコ
搬	ハン	パン
搭	トー
携	ケイ	タズサ
搾	シボ	サク
摂	セッ	ト	セツ
摘	テキ	ツ
摩	マ
摯	シ
撃	ゲキ	ウ
撤	テッ
撫	ナ
播	パ
撮	サツ	ト
撲	モー	ボク
撹	カク
撼	カン
擁	ヨー
操	ソー	アヤツ
擢	テキ
擦	コス	サツ	ズ	サッ	ス
擬	ギ
攪	カク
支	シ	ササ	ト	ツカ	ジ
改	カイ	アラタ
攻	コー	セ	ゼ
放	ホー	ハナ	バナ	ポー
政	セイ	マサ	ショー
故	コ	フル
敏	ビン
救	キュー	スク
敗	パイ	ハイ	ヤブ
教	キョー	オシ	オソ
敢	カン
散	サン	チ
敬	ケイ	ウヤマ
数	スー	カズ	カゾ	ス	ジュ	ズー
敲	コー
整	セイ	トトノ
敵	テキ	カタキ
敷	シキ	シ	ジキ	フ
文	ブン	モ	モン	ブミ
斉	セイ
斎	サイ
斐	イ
斑	ハン	マダラ
斗	ト
料	リョー
斜	シャ	ナナ
斤	キン
斥	セキ	セッ
斬	ザン	キ
断	ダン	タ	コトワ	ダ
新	シン	アタラ	アラ	ニイ
方	ホー	カタ	ポー	エ	ガタ	タ
施	シ	ホドコ	セ
旅	タビ	リョ
旋	セン
族	ゾク
旗	キ	ハタ	バタ
既	キ	スデ
日	ニ	ニチ	ヒ	ジツ	---	カ	ニッ	ス	ビ	タチ	ガ	テ
旦	タン	ダン
旧	キュー
旨	ウマ	シ	ムネ
早	ハヤ	ソー	バヤ	サ	サッ
旬	シュン	ジュン
旺	オー
昆	コン
昇	ショー
明	メイ	ア	アキ	アカ	アケ	ミン	ミョー
易	エキ	イ	ヤサ
昔	ムカシ
星	セイ	ホシ	ボシ
映	エイ	ウツ	ハ
春	ハル	シュン	カス
昧	マイ
昨	キノー	サク
昭	ショー
是	ゼ
昼	ヒル	チュー
時	ジ	トキ	ドキ	ド	ト	シグ
晋	シン
晒	サラ
晩	バン
普	フ	ブ
景	ケイ	ケ	ゲ
晴	バ	ハ	セイ
晶	ショー	アキ
智	チ
暁	ギョー	アカツキ
暇	カ	ヒマ
暈	マイ
暑	アツ	ショ
暖	ダン	アタタ	ノ
暗	アン	クラ	グラ
暢	チョー
暦	レキ	リャク	コヨミ	ゴヨミ
暫	ザン	シバラ
暮	ク	グ	ボ
暴	ボー	アバ	バク
曇	クモ	ドン
曖	アイ
曜	ヨー
曲	キョク	マ
更	コー	フ	サラ
書	ショ	カ	ガ	ジョ	カキ
曹	ソー
曽	ソー	カツ	ゾ	ソ
替	カ	ガ	セ	タイ
最	サイ	モット	モ
月	ゲツ	ガツ	ツキ	ゲッ	ミダ	ヅキ
有	ユー	ウ	アリ
服	フク	プク
朕	チン
朗	ロー	ホガ
望	ボー	ノゾ
朝	アサ	チョー	サ
期	キ	ゴ
木	キ	モク	ボク	ギ	コ	モッ	モ	キノ
未	ミ	ヒツジ
末	マツ	スエ
本	ホン	ポン	モト	ボン
札	サツ	フダ
朱	シュ
朴	ボク	ホオ
机	ツクエ	キ
朽	キュー	ク
杉	スギ
杏	チョー
材	ザイ
村	ムラ	ソン
杖	ツエ
束	ソク	タバ	ゾク	ツカ
条	ジョー
杢	モク
来	ライ	キ	ク	コ
杯	パイ	ハイ	サカズキ
東	トー	ヒガシ
杵	キネ
松	マツ	ショー
板	バン	イタ	パン
析	セキ
枕	マクラ	マクラノ
林	リン	バヤシ	ハヤシ
枚	マイ
果	カ	ハ	クダ	ガ
枝	エダ	シ
枠	ワク
枢	スー
枯	カ	コ	ガ
架	カ
柄	ガラ	ヘイ	ペイ
某	ボー
染	ソ	セン	シ	ジ	ゾ
柔	ジュー	ヤワ	ニュー
柱	ハシラ	チュー	バシラ
柳	ヤナギ	リュー
柴	シバ
柵	サク
査	サ
柿	カキ	ガキ
栃	トチ
栄	エイ	サカ	バ	ハ
栓	セン
栗	クリ
栞	シオリ
校	コー
株	カブ	シュ
核	カク
根	コン	ネ
格	カク	カッ	コー
栽	サイ
桁	ケタ	ゲタ
桂	カツラ
桃	トー	モモ
案	アン
桐	キリ
桑	クワ	ソー
桜	サクラ	オー	ザクラ
桟	サン	サ
桶	オケ
梁	リョー
梅	ツ	ウメ	バイ
梓	アズサ
梗	コー
梨	ナシ
械	カイ
梵	ボン
棄	キ
棋	キ	ギ
棒	ボー
棘	トゲ
棚	ダナ	タナ
棟	トー	ムネ	ムナ
森	モリ	シン
棲	ス
棹	サオ
棺	カン	ヒツギ
椅	イ
植	ショク	ウ	ウエ
椎	ツイ	シイ
椒	ショー
検	ケン
椿	ツバキ
楕	ダ
楚	ソ
業	ギョー	ワイ	ゴー	ワザ
極	キョク	キワ	ゴク
楷	カイ
楼	ロー
楽	タノ	ガク	ガッ	ラク	グラ	ラッ
概	ガイ	オオム
槃	ハン
構	コー	カマ	ガマ
様	サマ	ヨー	ザマ
槽	ソー
樋	ヒ
標	ヒョー
模	モ	ボ
権	ケン	ゴン
横	ヨコ	オー
樫	カシ
樹	ジュ
樽	タル
橋	ハシ	キョー	バシ
機	キ	ハタ
檄	ゲキ
欄	ラン
欠	カ	ケツ	ケッ
次	ツギ	ジ	ツ	シ
欧	オー
欲	ヨク	ホ	ホッ
欺	ギ	アザム
款	カン
歌	ウタ	カ
歓	カン
止	ト	シ	ド	ヤ
正	セイ	ショー	タダ	マサ	ジョー
武	ブ	タケ	ム
歩	アル	ポ	ホ	アユ	ブ
歪	ユガ	ヒズ	ヒズミ	ヒヅ
歯	ハ	シ	バ
歳	サイ	チ	セイ
歴	レキ
死	シ
殉	ジュン
殊	シュ	コト
残	ノコ	ザン	ゴリ
殖	ショク
殴	ナグ	オー
段	ダン
殺	サツ	サッ	サイ	セッ	ゴロ
殻	カク	カラ	ガラ
殿	デン	ドノ	トノ	テン
毀	キ	コワ
毅	キ	タケ
母	ボ	ハハ	バ	オモ	カア
毎	マイ
毒	ドク
比	ヒ	クラ
毛	モー	ケ	ゲ
毫	ゴー
毯	タン
氏	シ	ウジ	ジ
民	ミン	タミ
気	キ	ケ	ゲ	ク	ギ
水	スイ	ミズ	ズイ	ミナ
氷	ヒョー	コオリ	ヒサ	ピョー
永	エイ	ナガ
氾	ハン
汁	シル	ジル	ジュー	シ	ル
求	モト	キュー
汎	ハン
汗	アセ	カン
汚	オ	ヨゴ	キタナ	ケガ
江	エ
池	チ	イケ
汰	タ
汲	ク
決	ケツ	ケッ	キ
汽	キ
沁	シ
沃	ヨク
沈	チン	シズ	ジン
沌	トン
沖	オキ	チュー
沙	サ	スナ
没	ボツ	ボッ
沢	タク	ザワ	サワ
河	カ	ガ	カワ	コー
沸	ワ	フッ	フツ
油	ユ	アブラ
治	ジ	チ	オサ
沼	ヌマ	ショー
沿	ゾ	エン	ソ
況	キョー
泄	セツ
泉	セン	イズミ
泊	ハク	ト	パク
泌	ピツ	ヒ
法	ホー	ポー	ハッ
泡	アワ	ホー	ポー
波	ハ	ナミ	パ
泣	ナ	キュー
泥	ドロ	デイ
注	チュー	ソソ
泰	タイ
泳	エイ	オヨ
洋	ヨー
洗	セン	アラ	ラ
洞	ドー	トー	ホラ
津	ツ	ヅ	シン
洩	エイ
洪	コー
洲	シュー
活	カツ	カッ	イ
派	ハ	パ
流	リュー	ナガ	ハ
浄	ジョー
浅	アサ	セン
浜	ハマ	ヒン
浦	ウラ
浪	ロー
浮	ウ	ウワ	フ
浴	ヨク	ア	ユ
海	カイ	ウミ	ウナ	ノ	ア	エ	ミ
浸	ヒタ	シン	ツ	ビタ
涅	ネ
消	ショー	キ	ケ
涙	ナミダ	ルイ
涯	ガイ
液	エキ
涼	スズ	リョー
淀	ヨド
淑	シュク	シト
淘	トー
淡	タン	アワ
淫	イン	ミダ
深	フカ	シン	ブカ
混	コン	マ	ゴ	コ
淹	イ
添	ソ	テン	ゾ
清	セイ	スガ	キヨ	シ	シン	ショー
渇	カワ	カツ	カッ
済	ザイ	ス	サイ
渉	ショー
渋	シブ	ジュー
渓	ケイ
減	ゲン	ヘ
渡	ワタ	ト	ドガ
渦	ウズ	カ
温	オン	アタタ	ヌク	---
測	ソク	ハカ
港	ミナト	コー
湖	コ	ミズウミ	ウミ
湧	ワ	ユー
湯	ユ	トー
湾	ワン
湿	シツ	シメ	シッ
満	マン	ミ
源	ゲン	ミナモト	ミナモトノ
準	ジュン
溜	タ	ダ
溝	ミゾ	コー
溢	アフ
溶	ト	ヨー
溺	オボ	デキ
滅	メツ	ホロ	メッ
滋	シ	ジ
滑	スベ	カツ	ナメ	カッ	コッ
滝	タキ
滞	タイ	トドコオ
滲	ニジ
滴	テキ	シタタ
漁	リョー	ギョ	アサ
漂	タダヨ	ヒョー
漆	シッ	ウルシ	シツ
漏	モ	ロー
漑	ガイ
演	エン
漕	コ
漠	バク
漢	カン
漫	マン
漬	ヅ	ツ	ツケ
漱	ソー
漸	ゼン	ヨーヤ
潔	ケツ	ケッ	イサギヨ
潜	セン	ヒソ	モグ
潟	ガタ	カタ
潤	ウルオ	ジュン	ウル
潮	シオ	チョー
潰	ツブ	カイ
澄	ス	ズ	チョー
澗	カン
澤	サワ
激	ハゲ	ゲキ
濁	ニゴ	ダク
濃	ノー	コ	ノ	ノノ
濡	ヌ
濫	ラン
濯	タク
瀧	タキ
瀬	セ
灌	カン
灘	ナダ
火	カ	ビ	ヒ	ホ
灯	トー	アカ	トモ	チン
灰	ハイ	バイ	カイ
災	サイ	ワザワ
炉	ロ
炊	タ	スイ
炎	エン	ホノオ
炒	イタ
炭	タン	スミ	ズミ
点	テン	タ
為	イ	カワ
烈	レツ	レッ
焉	エン
焙	バイ
焚	タ
無	ム	ブ	ナ
焦	アセ	ショー	コ
然	ゼン	ネン
焼	ヤ	ヤキ	ショー
煌	キラ
煎	セン	イ
煙	エン	ケムリ	ケム
照	ショー	テ	デ
煩	ワズラ	ボン	ハン	ウルサ
煮	ニ	シャ
熊	クマ
熟	ジュク	ウ
熱	ネツ	ネッ	アツ	アタ
燃	モ	ネン
燈	トー
燕	ツバメ
燥	ソー
燭	ソク
燻	イブ
爆	バク	ハ
爪	ツメ	ツマ	ヅメ
爬	ハ
爵	シャク
父	チチ	フ	ジ	トー
爽	サワ	ソー
片	カタ	ペン	ヘン
版	パン	バン	ハン
牌	ハイ
牙	キバ	ガ	ゲ
牛	ウシ	ギュー
牡	オ
牢	ロー
牧	ボク	マキ
物	ブツ	モノ	モツ	ブッ
牲	セイ	イケニエ
特	トク	トッ
犀	セイ
犠	ギ
犬	イヌ	ケン
犯	ハン	オカ	パン
状	ジョー
狂	クル	キョー
狙	ネラ	ソ
狩	カ	ガ	ガリ	シュ
独	ドク	ヒト
狭	セマ	キョー	ハザ	セバ
猛	モー	モ	タケ
猟	リョー
猪	イノ	チョ
猫	ネコ	ビョー
献	ケン	コン
猶	ユー
猿	エン	サル	ザル
獄	ゴク
獣	ジュー	ケモノ
獲	カク	エ	ト
玄	ゲン	クロー
率	リツ	ソッ	ヒキ	ソツ
玉	ダマ	タマ	ギョク
王	オー	ノー
玩	ガン
珍	メズラ	チン
珠	ズ	シュ	ジュ
班	ハン
現	ゲン	アラワ
球	キュー	タマ
理	リ
琉	リュー	ル
琴	キン	コト
琵	ビ
琶	ワ
瑞	ミズ
瑠	ル
璃	リ
璧	ペキ	ヘキ
環	カン
璽	ジ
瓦	カワラ	ガ
瓶	ビン
甕	カメ
甘	アマ	カン
甚	ジン	ハナハ
生	セイ	ウ	イ	ショー	ジョー	ナマ	キ	オ	ナリ	バ	ハ	ヨイ	フ	セ
産	サン	ゲ	ウ	ウブ
甦	ヨミガエ
用	ヨー	モチ
田	ダ	タ	デン	イナ
由	ユー	ユ	ユイ	ヨシ
甲	コー	カン	カ
申	モー	シン	サル	モーシ
男	ダン	オトコ	ナン
町	マチ	チョー
画	ガ	カク	カッ
界	カイ
畏	オソ	イ
畑	ハタケ	バタケ	ハタ
畔	アゼ	ハン	グロ
留	リュー	ト	ル	ド	トド
畜	チク
畝	ウネ
略	リャク
番	バン
異	コト	イ
畳	ダタミ	タタミ	タタ	ジョー
畿	キ
疎	ソ	ウト
疑	ギ	ウタガ
疫	エキ	ヤク
疲	ツカ	ヒ	ヅカ
疾	シッ	シツ
病	ビョー	ヤマイ	ペイ	ヤ
症	ショー
痕	コン	アト
痘	トー
痛	イタ	ツー
痢	リ
痩	ヤ	ソー
痴	チ
痺	シビ	ヒ
瘍	ヨー
瘤	リュー
療	リョー
癌	ガン
癒	イヤ	ユ	イ
癖	クセ	ヘキ	グセ	ペキ
発	ハッ	ハツ	パツ	ホッ
登	トー	ト	ノボ
白	シロ	ハク	シラ	パク
百	ヒャク	100	00	ビャク	オ	ヒャッ	1	_	10	ピャク
的	テキ	マト
皆	ミナ	カイ
皇	ノー	コー
皮	ヒ	カワ	ピ	ガワ
皺	シワ
皿	サラ	ザラ
盃	サカズキ
盆	ボン
益	エキ	ヤク
盗	トー	ヌス
盛	セイ	モ	サカ	ジョー	ザカ
盟	メイ
監	カン
盤	バン
盧	ル	ロ
目	メ	モク	マ
盲	モー
直	ナオ	チョク	チョッ	ジキ	タダ	ス
相	アイ	ソー	ス	ショー
盾	ジュン	タテ	ダテ
省	ショー	セイ	ハブ
眉	マユ	ビ	ミ
看	カン	ミ
県	ケン
真	シン	マ	ザネ	サナ
眠	ネム	ミン
眩	マブ	クラ	メ	ゲン
眺	ナガ	チョー
眼	ガン	メ	マナ	ガオ	マナコ
着	チャク	キ	ツ	ギ	チャッ
睡	スイ
督	トク
睦	ムツ	ボク
睨	ニラ
睫	マツ
瞑	メイ
瞬	シュン
瞭	リョー
瞰	カン
瞳	ヒトミ	ドー
瞼	マブタ
矛	ム	ホコ
矢	ヤ	シ
知	シ	チ	シレ
短	タン	ミジカ
矯	キョー	タ
石	イシ	セキ	シャク	セッ	コク
砂	サ	スナ	シャ	ジャ
研	ケン	ト
砕	クダ	サイ
砥	ト
砲	ホー	ポー
破	ハ	パ	ヤブ
硝	ショー
硫	イ	リュー
硬	カタ	コー
碁	ゴ
碍	ガイ
碑	ヒ	イシブミ
碗	ワン
碧	ペキ
確	カク	タシ	カッ
磁	ジ
磨	ミガ	マ
磯	イソ
礁	ショー
礎	ソ	イシズエ
礫	レキ
示	ジ	シメ	シ
礼	レイ	ライ
社	シャ	ジャ
祀	マツ
祈	イノ	キ
祉	シ
祓	ハラ
祖	ソ	ゾ
祝	イワ	シュク	ノリ	シュー
神	シン	ジン	カミ	カ	ミ	ガミ	カン
祥	ショー
票	ヒョー	ピョー
祭	マツ	サイ	マツリ
祷	トー
禁	キン
禄	ロク
禅	ゼン
禍	カ
福	フク
禽	キン
秀	ヒデ	シュー	ヒイ
私	ワタシ	シ
秋	アキ	シュー
科	カ
秒	ビョー
秘	ヒ	ピ
租	ソ
秤	ハカリ	ビン	バカリ
秩	チツ
称	ショー	タタ
移	イ	ウツ
稀	キ
程	テイ	ホド
税	ゼイ
稔	ネン
稚	チ
稜	リョー
種	シュ	タネ	ダネ
稲	イナ	イネ	トー
稼	カ	カセ
稽	ケイ
稿	コー
穀	コク
穂	ホ	コー	スイ
積	ツ	セキ	セッ	ヅ	ツミ
穏	オダ	オン
穣	ジョー
穫	カク
穴	アナ	ケツ	ケッ
究	キュー	キワ
空	クー	ソラ	ゾラ	ア	ス
突	トツ	ツ	トッ
窃	セッ	ヒソ
窒	チッ
窓	マド	ソー
窟	クツ	イワヤ
窮	キュー	キワ
窯	カマ	ガマ	ヨー
立	タ	リツ	ダ	タチ	リッ	ダチ	リュー	ダテ	タテ	タツ
竜	リュー	タツ
章	ショー
童	ドー	ワラベ
端	タン	バタ	ハシ	パ	バ
競	キョー	キソ	セ	ケイ
竹	タケ	チク	シ	ダケ
笑	エ	ワラ	ショー
笛	テキ	ブエ	フエ
符	フ	プ
第	ダイ
筆	フデ	ピツ	ヒツ	ヒッ
等	トー	ドー	ヒト
筋	キン	スジ
筏	イカダ
筒	トー	ツツ
答	コタ	トー
策	サク
箇	カ
箋	セン
箔	パク	ハク
算	サン	ザン
管	カン
箱	バコ	ハコ
箸	ハシ	バシ
節	セツ	フシ	ブシ	セッ	セチ
範	ハン
築	チク	キズ	ツキ	チッ
篠	シノ
篤	トク	アツ
簡	カン
簾	レン
簿	ボ
籍	セキ
籠	コ	ロー	カゴ
米	コメ	ベイ	マイ
粉	フン	コ	コナ
粋	スイ	イキ
粒	ツブ	リュー
粕	カス
粗	ソ	アラ
粘	ネバ	ネン
粛	シュク
粧	ショー
精	セイ
糖	トー
糧	リョー	カテ	ロー
糸	イト	シ
系	ケイ
糾	キュー	アザナ
紀	キ
約	ヤク
紅	コー	ク	モミ	ベニ
紋	モン
納	ナッ	ノー	オサ	ナ	トー	ナン
紐	ヒモ
純	ジュン
紙	ガミ	シ	カミ
級	キュー
紛	フン	マギ
素	ソ	ス	シロー	モト
紡	ツム	ボー
索	サク
紫	ムラサキ	シ
累	ルイ
細	サイ	コマ	ホソ	ザイ	ボソ
紳	シン
紹	ショー
紺	コン	コー
終	オ	シュー
組	ク	ソ	クミ	グミ	グ
絆	キズナ
経	ケイ	ヘ	タ	キョー	ツネ
結	ケッ	ケツ	ムス	ユ	ムスビ
絞	シボ	シ	コー
絡	ラク	カラ
給	キュー
絨	ジュー
統	トー
絵	エ	カイ
絶	ゼッ	ゼツ	タ	ダ
絹	キヌ	ケン	ギヌ
継	ツ	ケイ
続	ツヅ	ゾク
綬	ジュ
維	イ
綱	ヅナ	コー	ツナ
網	モー	アミ
綴	ツヅ
綺	キ
綻	ホコロ	タン
綿	メン	ワタ
緊	キン
総	ソー
緑	ミドリ	リョク	リョッ	ロク
緒	ショ	チョ	オ
線	セン
緞	ドン
締	シ	テイ	ジ	シマリ
編	ヘン	ア	ペン
緩	ユル	カン
緯	イ
練	レン	ネ
緻	チ
縁	エン	フチ	ブチ
縄	ナワ	ジョー
縛	シバ	バク
縞	シマ
縦	タテ	ジュー
縫	ヌ	ホー
縮	シュク	チヂ
績	セキ
繁	ハン	パン
繊	セン
繋	ツナ
繍	シュー
織	シキ	オ	オリ	ショク
繕	ゼン	ツクロ	ヅクロ
繭	マユ	ケン
繰	ク
繹	エキ
纏	マト
缶	カン
罠	ワナ
罪	ザイ	ツミ
置	チ	オ	オキ
罰	バツ	バッ	バチ
署	ショ
罵	バ	ノノシ
罷	ヒ
羅	ラ
羊	ヨー	ヒツジ
美	ウツク	ビ	オ	チュ	ミ
羞	シュー
群	グン	ム
羨	ウラヤ	セン
義	ギ	ヨシ
羯	カツ
羽	ハ	ウ	ワ	ハネ	バ
翁	オキナ	オー
翅	シ
翌	ヨク
習	シュー	ナラ
翰	カン
翻	ホン	ヒルガエ
翼	ヨク	ツバサ
老	ロー	シ	オ	ビ
考	カンガ	コー
者	シャ	モノ	ジャ	サ
耐	タイ	タ
耕	タガヤ	コー
耗	モー	コー
耳	ミミ	ジ
聖	セイ	ショー
聘	ヘイ
聞	キ	ブン	ギ	モン
聴	チョー	キ
職	ショク	ショッ
肉	ニク
肌	ハダ
肖	ショー
肘	ヒジ
肝	カン	キモ
股	コ	マタ
肢	シ
肥	ヒ	コ	ゴエ
肩	カタ	ケン
肪	ボー
肯	コー
育	イク	ソダ	ハグク
肺	ハイ	パイ
胃	イ
胆	タン
背	セ	ハイ
胎	タイ
胞	ボー	ホー
胴	ドー
胸	ムネ	ムナ	キョー
能	ノー
脂	シ	アブラ
脅	キョー	オド	オビヤ
脆	ゼイ
脇	ワキ	ワケ
脈	ミャク
脊	セキ
脚	キャク	アシ	キャ	ギャ
脱	ダッ	ダツ	ヌ
脳	ノー
腎	ジン
腐	フ	クサ	プ	グサ
腔	クー
腕	ウデ	ワン
腫	ハ	シュ
腰	コシ	ゴシ	ヨー
腸	チョー
腹	ナカ	フク	ハラ	プク	バラ
腺	セン
膚	フ	プ
膜	マク
膝	ヒザ
膠	コー
膨	ボー	フク	ブク
膳	ゼン
臆	オク
臓	ゾー
臣	シン	トミ	ジン
臨	ノゾ	リン
自	ジ	シ	ミズカ
臭	シュー	ニオ	クサ
至	イタ	シ	ジ
致	チ	イタ
臼	キュー	ウス
興	コー	キョー
舌	シタ	ゼツ	ジタ	ゼッ
舎	シャ	カ
舗	ニセ	ポ	ホ
舞	ブ	マ	マイ
舟	シュー	ブネ	フナ	フネ
航	コー
般	パン	ハン
舶	パク	ハク
舷	ゲン
船	セン	フネ	フナ	ブネ
艇	テイ
艘	ソー
艦	カン
良	ヨ	リョー	ラ
色	イロ	シキ	ショク	ジキ
艶	ツヤ	アデ	エン
芋	イモ
芝	シバ
芥	カイ
芦	アシ
芭	バ
芯	シン
花	ハナ	カ	バナ
芳	ホー	カンバ
芸	ゲイ
芽	メ	ガ
苔	リ	タイ
苗	ナエ	ミョー	ビョー	ナワ
苛	カ	イラ
若	ワカ	ワコー
苦	ク	クル	ニガ
英	エイ
茂	シゲ	モ
茅	カヤ
茎	ケイ	クキ	グキ
茨	イバラ
茫	ボー
茶	チャ	サ
茸	タケ
茹	ユ
草	ソー	クサ	グサ	ゾー
荒	ア	アラ	コー
荘	ソー
荷	ニ	カ	リ
莫	バク
菅	スガ	カン
菊	キク	ギク	キッ
菌	キン
菓	カ	ガ
菜	サイ	ザイ	ナ
華	ハナ	カ	ガ
菱	ビシ
萌	ホー
萎	ナ	イ	シオ
落	オ	ラク	ラッ
葉	バ	ヨー	ハ	ジ
著	チョ	イチジル	アラワ
葛	カッ	カツ	カズラ	クズ
董	トー
葦	アシ
葬	ソー	ホーム
葺	ブ
蒔	マ	マキ
蒸	ム	ジョー	フ
蒼	ソー
蓄	チク	タクワ
蓋	フタ	ブタ	ガイ
蓮	レン
蔑	ベッ	ベツ	サゲス
蔓	マン
蔵	ゾー	クラ	グラ
蔽	ペイ	ヘイ
蕉	ショー
蕎	ソ
薄	ウス	ハク	パク
薇	ラ
薔	バ
薦	セン	スス
薩	サツ
薪	タキギ	シン
薫	クン	カオ
薬	ヤク	クスリ	グスリ	ヤッ
藍	ラン	アイ
藤	トー	フジ	ドー
藩	ハン
藪	ヤブ
藻	ソー	モ
蘇	ヨミガエ	ソ
蘚	セン
虎	コ	トラ
虐	ギャク	シイタ
虚	キョ	コ	ムナ
虜	トリコ	リョ
虞	オソレ
虫	チュー	ムシ
虹	ニジ
蚊	カ
蚕	サン	カイコ
蛇	ダ	ヘビ	ジャ
蛍	ケイ	ホタル
蛮	バン
蜂	ホー	バチ	ハチ
蜃	シン
蜜	ミツ
蝋	ロー
蝕	ムシバ
蝶	チョー
融	ユー
蟄	チツ
蟹	カニ
血	ケツ	ケッ	チ	ヂ
衆	シュー
行	コー	オコナ	イ	ギョー	ユク	ユ	ユキ	ヤ	ナメ	アン
術	ジュツ
街	マチ	ガイ	カイ
衛	エイ	エ
衝	ショー
衡	コー
衣	イ	カタ	コロモ	ゴロモ
表	ヒョー	ピョー	アラワ	オモテ	ビョー
衰	スイ	オトロ
衷	チュー
袋	ブクロ	タイ	ビ	フクロ
袖	ソデ	シュー
被	ヒ	カブ	コーム
袴	バカマ
裁	サイ	サバ
裂	レツ	サ	ザ
装	ソー	ショー	ヨソオ
裏	ウラ	リ
裔	エイ
裕	ユー
補	ホ	オギナ
裸	ラ	ハダカ
製	セイ
裾	スソ
複	フク
褐	カッ
褒	ホー	ホ
褪	ア
襟	エリ	キン
襲	シュー	オソ
西	セイ	ニシ	ザイ
要	ヨー	カナメ	イ
覆	オオ	クツガエ	フク	プク
覇	ハ
見	ミ	ケン	ミイ
規	キ
視	シ
覗	ノゾ
覚	カク	オボ	サ	ザ
覧	ラン
親	オヤ	シン	シタ
観	カン	ミ
角	カク	カド	カクノ	ガク	ツノ
解	カイ	ト	ゲ
触	フ	ショク	ザワ	ショッ	サワ	ブ
言	コト	イ	ゲン	ゴン	ゴト
訂	テイ
訃	フ
計	ケイ	ハカ
討	トー	ウ
訓	クン
託	タク
記	キ	シル
訟	ショー
訣	ケツ
訪	オトズ	ホー	タズ
設	セツ	セッ	モー
許	ユル	キョ
訳	ヤク	ワケ
訴	ウッタ	ソ
診	シン	ミ
証	ショー	アカシ
詈	リ
詐	サ
詔	ショー	ミコトノリ
評	ヒョー	ピョー
詞	シ	ト	フ
詠	ヨ	エイ
詣	モーデ	ケイ	モー
試	シ	タメ	ココロ	ダメ
詩	シ
詮	セン
詰	ツ	ヅ	ヅメ
話	ワ	ハナシ	ハナ	バナシ
該	ガイ
詳	クワ	ショー
誂	アツラ
誇	ホコ
誉	ヨ	ホマ
誌	シ
認	ニン	ミト
誓	チカ	セイ
誕	タン
誘	サソ	ユー
語	ゴ	カタ	ガタリ	ガタ
誠	セイ	マコト
誤	ゴ	アヤマ
説	セツ	セッ	ゼツ	ト
読	ヨ	ドク	ド	トー
誰	ダレ
課	カ
誹	ヒ
調	チョー	シラ
談	ダン
請	セイ	ウ	シン	ウケ
論	ロン
諜	チョー
諦	アキラ	テイ
諧	カイ
諫	イサ
諭	サト	ユ
諮	ハカ	シ
諸	ショ
諾	ダク
謀	ボー	ハカ	ム
謁	エッ	エツ
謄	トー
謎	ナゾ
謔	ギャク
謗	ボー
謙	ケン
講	コー
謝	シャ	アヤマ	サ
謡	ヨー	ウタ
謹	ツツシ	キン
識	シキ
譜	フ	プ
警	ケイ
議	ギ
譲	ジョー	ユズ
護	ゴ
谷	タニ	コク	セ	ヤ
豆	マメ	トー	キ	ズ	ドー
豊	ユタ	ホー	トヨ
豚	トン	ブタ
象	ショー	ゾー
豪	ゴー
貌	ボー
貝	カイ	ガイ
貞	テイ
負	フ	マ	オ	ブ	オイ
財	ザイ	サイ
貢	コー	グ
貧	ヒン	ビン	マズ
貨	カ
販	ハン
貪	ドン	ムサボ
貫	カン	ツラヌ
責	セキ
貯	チョ
貴	キ	タカ	トート
貶	ヘン
買	カ	バイ	ガ	ガイ
貸	カ	タイ	カシ
費	ヒ	ピ	ツイ
貼	ハ	チョー
貿	ボー
賀	ガ
賂	ロ
賃	チン
賄	ワイ	マカナ
資	シ
賊	ゾク
賑	ニギ
賓	ヒン
賛	サン
賜	タマワ	シ
賞	ショー
賠	バイ
賢	ケン	カシコ
賦	プ	フ	ブ
質	シツ	シッ
賭	カ	ト
購	コー
賽	サイ
贅	ゼイ
贈	オク	ゾー
贋	ガン
赤	アカ	セキ	カ	ア	シャク
赦	シャ	ユル
走	ハシ	ソー	ワス
赴	フ	オモム
起	オ	キ	ギ
超	コ	チョー
越	コ	ゴ	エツ	エッ	ゴエ	エチ
趣	シュ	オモムキ
足	アシ	ソク	ゾク	タ
距	キョ
跡	セキ	アト
路	ロ	ジ
跳	ト	ハ	チョー
践	セン
踊	オド	ヨー
踏	フ	トー	ブ	フミ
踪	ソー
踵	カカト
蹙	シュク
蹴	ケ	シュー
躇	ラ
躊	タメ
躍	ヤク	オド
身	シン	ミ
躯	ク
車	シャ	クルマ	シ	グルマ
軋	アツ
軌	キ
軍	グン
軒	ノキ	ケン
軟	ナン
転	テン	コロ
軸	ジク
軽	ガル	ケイ	カル	カロ
較	カク
載	サイ	ノ
輝	カガヤ
輩	パイ	ハイ
輪	ワ	リン
輸	ユ
輿	コシ	ヨ
轄	カツ
轟	ゴー	トドロ
轢	レキ
辛	シン	カラ	ツラ	ガラ	カロ
辞	ジ	ヤ
辣	ラツ	カラ	ラー
辰	タツ
辱	ジョク	ハズカシ
農	ノー
辺	ヘン	ベ	アタ	ナベ
込	コ	ゴ	コミ
辿	タド
迂	ウ
迅	ジン
迎	ムカ	ゲイ
近	キン	チカ	ヂカ	コン
返	カエ	ヘン	ガエ
迦	カ
迫	ハク	セマ	パク
迭	テツ
述	ノ	ジュツ	ジュッ
迷	マヨ	メイ	マイ
追	オ	ツイ
退	タイ	ノ	シリゾ
送	ソー	オク
逃	トー	ニ	ノガ
逆	ギャク	サカ	ギャッ
透	トー	ス
逐	チク
逓	テイ
途	ト	ズ
逗	トー
這	ハ
通	ツー	トオ	カヨ	ドオ
逝	セイ	イ
速	ソク	ハヤ	スミ
造	ゾー	ヅク	ツク
連	レン	ツ	ツラ	ヅ
逮	タイ
週	シュー
進	スス	シン	ススム
逸	イツ	イッ
遂	ト	スイ
遅	オソ	チ	オク
遇	グー
遊	アソ	ユー
運	ウン	ハコ
遍	ヘン	ペン
過	ス	カ	アヤマ
道	ドー	ミチ
達	タッ	タツ	ダチ	テ
違	チガ	イ
遜	ソン	ヘリクダ
遠	トオ	エン
遡	ソ	サカノボ
遣	ヅカ	ケン	ツカ
適	テキ
遭	ソー	ア
遮	シャ	サエギ
遵	ジュン
遷	セン
選	セン	エラ
遺	イ	ユイ	ノコ
遽	キョ
避	サ	ヒ
還	カン
那	ナ
邦	ポー	ホー
邪	ゼ	ジャ
邸	テイ
郊	コー
郎	ロー
郡	グン
部	ブ	ヘ	ベ
郭	カク
郵	ユー
郷	サト	キョー	ゴー
都	ト	ツ	ミヤコ
鄙	ピ
酉	トリ
酌	ク	シャク
配	ハイ	パイ	クバ	バイ
酎	チュー
酒	シュ	サケ	ザカ	ザケ	サカ	キ
酔	ヨ	スイ
酢	ス	サク	ズ
酪	ラク
酬	シュー	ムク
酵	コー
酷	コク	ヒド
酸	サン	ス
醇	ジュン
醍	ダイ
醐	ゴ
醒	セイ
醜	シュー	ミニク
醤	ショー
醸	カモ	ジョー
采	サイ
釈	シャク	シャ
釉	ユー	ウワ
里	サト	リ	ザト
重	ジュー	チョー	カサ	オモ	エ
野	ヤ	ノ
量	リョー	ハカ
金	キン	ガネ	カネ	カナ	コン	ギン	ゴン
釘	クギ
釜	ガマ	カマ
針	シン	ハリ
釣	ツ	ヅ	チョー	ツリ
鈍	ニブ	ドン
鈴	スズ
鉄	テツ	テッ
鉛	エン	ナマリ
鉢	ハチ	バチ	ハツ
鉱	コー
銀	ギン	イ
銃	ジュー
銅	ドー
銘	メイ
銭	セン	ゼニ
鋭	スルド	エイ
鋳	イ	チュー
鋼	コー	ハガネ
錆	サ
錠	ジョー
錦	ニシキ	キン
錬	レン
錮	コ
錯	サク	サッ
録	ロク
鍋	ナベ
鍛	キタ	タン	カ
鍮	チュー
鍵	カギ	ケン
鍾	ショー
鎌	カマ
鎖	サ	クサリ
鎮	シズ	チン
鏡	キョー	カガミ	ガネ
鐘	ショー
鑑	カン	カンガ
鑽	サン
長	ナガ	チョー	タ	ハ
門	モン	カド	ト
閃	ヒラメ
閉	ト	ヘイ	シ	ペイ
開	カイ	ヒラ	ア
閑	カン
間	カン	マ	アイダ	ゲン	アイ	ケン
関	カン	セキ	カカ	ゼキ
閣	カク
閤	コー
閥	バツ
閲	エツ
闇	ヤミ
闘	トー	タタカ
阜	フ
阪	サカ	ハン
防	ボー	フセ
阻	ハバ	ソ
阿	ア
陀	ダ
附	フ
降	フ	コー	オ
限	ゲン	カギ
陛	ヘイ
院	イン
陣	ジン
除	ジョ	ジ	ノゾ
陥	オチイ	カン	オトシイ
陪	バイ
陰	カゲ	イン	オン
陳	チン
陵	リョー
陶	トー
陸	リク	クガ
険	ケン	ケワ
陽	ヨー	ヒ
隅	スミ	グー
隆	リュー
隊	タイ
階	カイ
随	ズイ
隔	ヘダ	カク
隙	スキ	ゲキ
際	サイ	ギワ	キワ
障	ショー
隠	カク	イン	ガク
隣	トナリ	リン	トナ
隷	レイ
隻	セキ
雄	ユー	オ	オス
雅	ガ
集	アツ	シュー	ツド
雇	コ	ヤト
雌	メ	シ	メス
雑	ザツ	ザッ	ゾー	ザ	サイ
雛	ヒナ	スー
離	ハナ	リ	バナ
難	ナン	ムズカ	ガタ
雨	アメ	ウ	ユ	アマ	レ	サメ	メ
雪	ユキ	セツ	ナダ	ブキ	セッ
雰	フン
雲	ウン	クモ	グモ	モ
零	レイ
雷	ライ	カミナリ
電	デン
需	ジュ
震	シン	フル	ブル
霊	レイ	リョー	タマ
霖	リン
霜	シモ	ソー	カン
霞	カス
霧	キリ	ム	ギリ
露	ロー	ロ	ツユ	アラ
靄	モヤ
青	アオ	セイ	サオ	ジョー	ショー
静	シズ	セイ	ジョー
非	ヒ
面	メン	オモ	モ	ツラ	ジ	オモテ	ヅラ
革	カク	カワ
靭	ジン
靴	クツ	グツ	カ
鞄	カバン
鞘	ショー
鞭	ムチ
韓	カン	ハン
音	オン	オト	ネ
韻	イン
響	キョー	ヒビ
頂	チョー	イタダキ
頃	コロ	ゴロ
項	コー
順	ジュン
須	ス
預	アズ	ヨ
頑	ガン
頒	ハン
頓	トン
領	リョー
頬	ホオ
頭	アタマ	トー	ガシラ	ズ	ドー	ド	カシラ
頰	ホオ	ホホ
頻	ヒン
頼	ライ	タノ	タヨ	ヨリ
題	ダイ
額	ガク	ヒタイ
顎	アゴ	ガク
顔	カオ	ガオ	ガン
顕	ケン	アキ
願	ガン	ネガ
類	ルイ	タグ	タグイ
顧	コ	カエリ
顰	ヒン
風	フー	カゼ	カ	フ	プー	ブ
颯	サッ
飛	ト	ヒ
食	ショク	タ	ショッ	ク	ジキ	ハ
飢	キ	ウ
飯	ハン	メシ	イイ
飲	ノ	イン
飼	カ	シ	ガ
飽	ア	ホー
飾	カザ	ショク	シカ
餃	ギョー
餅	モチ	ベイ
養	ヨー	ヤシナ
餌	エサ	ジ	エ
餓	ガ	ウ
餡	アン
館	カン	ダテ
饉	キン
首	クビ	シュ
香	カオ	コー	ガ
馬	バ	マ	ウマ
馳	ハ
馴	ナ
駄	ダ	タ
駅	エキ
駆	カ	ク	ガ
駐	チュー
駒	コマ	ゴマ
駿	スル
騎	キ
騒	ソー	サワ
験	ケン	ゲン
騰	トー
驕	オゴ
驚	オドロ	キョー
骨	コツ	コッ	ホネ	ボネ
骸	ガイ
髄	ズイ
高	タカ	コー	ダカ
髪	カミ	ハツ	ガミ	パツ
鬱	ウツ	ウッ
鬼	オニ	キ
魂	コン	ダマシイ	タマシイ
魅	ミ
魔	マ
魚	サカナ	ギョ	コ	ザカナ
鮎	アユ
鮭	サケ
鮮	セン	アザ
鯉	コイ
鯛	タイ	ダイ
鯨	ゲイ	クジラ
鰭	キ	ヒレ
鳥	トリ	チョー	ドリ	トッ
鳩	ハト
鳴	ナ	メイ	ナル
鶏	ケイ	トリ	ニワトリ
鶴	ツル	カク	ヅル
鷺	サギ
鹿	カ	シカ
麓	フモト	ロク
麗	レイ	ウルワ
麦	ムギ	バク	バ
麺	メン
麻	マ	マー	アサ
黄	コ	キ	オー	コー
黒	クロ	コク	グロ
黙	モク	ダマ	モッ
鼓	コ	ツヅミ
鼻	ハナ	ビ	バナ
齢	レイ
龍	リョー	リュー
