したがって、この データ セットに 含まれて いる 文章は、必ずしも 正確な 情報では ない ことを 理解 する 必要が あります。	シ/タ/ガ/ッ/テ/、/コ/ノ/ /デ/ー/タ/ /セ/ッ/ト/ニ/ /フク/マ/レ/テ/ /イ/ル/ /ブン/ショー/ワ/、/カナラ/ズ/シ/モ/ /セイ/カク/ナ/ /ジョー/ホー/デ/ワ/ /ナ/イ/ /コ/ト/ヲ/ /リ/カイ/ /ス/ル/ /ヒツ/ヨー/ガ/ /ア/リ/マ/ス/。
「風を 感じて」と いう 曲は、日本語の ロックと して 成功 した 初めての 例だと 言われて います。	「/カゼ/ヲ/ /カン/ジ/テ/」/ト/ /イ/ウ/ /キョク/ワ/、/ニ/ホン/ゴ/ノ/ /ロ/ッ/ク/ト/ /シ/テ/ /セイ/コー/ /シ/タ/ /ハジ/メ/テ/ノ/ /レイ/ダ/ト/ /イ/ワ/レ/テ/ /イ/マ/ス/。
風が 強い ときには、外出を 控える ことが 安全です。強風は 建物や 木々を 倒す 可能性が あり、交通 事故の リスクも 高まります。もし 外出が 必要な 場合は、風に 飛ばされないように 注意 し、帽子や 傘などの 持ち物を しっかりと 固定 して ください。また、車を 運転 する 際には、風の 影響で 車両が 揺れる ことが ある ため、速度を 落とし、周囲の 状況に 十分 注意 する ことが 重要です。	カゼ/ガ/ /ツヨ/イ/ /ト/キ/ニ/ワ/、/ガイ/シュツ/ヲ/ /ヒカ/エ/ル/ /コ/ト/ガ/ /アン/ゼン/デ/ス/。/キョー/フー/ワ/ /タテ/モノ/ヤ/ /キ/ギ/ヲ/ /タオ/ス/ /カ/ノー/セイ/ガ/ /ア/リ/、/コー/ツー/ /ジ/コ/ノ/ /リ/ス/ク/モ/ /タカ/マ/リ/マ/ス/。/モ/シ/ /ガイ/シュツ/ガ/ /ヒツ/ヨー/ナ/ /バ/アイ/ワ/、/カゼ/ニ/ /ト/バ/サ/レ/ナ/イ/ヨ/ー/ニ/ /チュー/イ/ /シ/、/ボー/シ/ヤ/ /カサ/ナ/ド/ノ/ /モ/チ/モノ/ヲ/ /シ/ッ/カ/リ/ト/ /コ/テイ/ /シ/テ/ /ク/ダ/サ/イ/。/マ/タ/、/クルマ/ヲ/ /ウン/テン/ /ス/ル/ /サイ/ニ/ワ/、/カゼ/ノ/ /エイ/キョー/デ/ /シャ/リョー/ガ/ /ユ/レ/ル/ /コ/ト/ガ/ /ア/ル/ /タ/メ/、/ソク/ド/ヲ/ /オ/ト/シ/、/シュー/イ/ノ/ /ジョー/キョー/ニ/ /ジュー/ブン/ /チュー/イ/ /ス/ル/ /コ/ト/ガ/ /ジュー/ヨー/デ/ス/。
風邪を 引いた ときには、十分な 休息と 水分 補給が 重要です。風邪の 症状を 和らげる ためには、温かい 飲み物を 摂取 したり、栄養 バランスの 取れた 食事を 心がける ことも 大切です。また、手洗いや うがいを 頻繁に 行う ことで、ウイルスの 拡散を 防ぐ ことが できます。風邪が 長引く 場合や 症状が 悪化 する 場合は、医師の 診察を 受ける ことを おすすめ します。	カ/ゼ/ヲ/ /ヒ/イ/タ/ /ト/キ/ニ/ワ/、/ジュー/ブン/ナ/ /キュー/ソク/ト/ /スイ/ブン/ /ホ/キュー/ガ/ /ジュー/ヨー/デ/ス/。/カ/ゼ/ノ/ /ショー/ジョー/ヲ/ /ヤワ/ラ/ゲ/ル/ /タ/メ/ニ/ワ/、/アタタ/カ/イ/ /ノ/ミ/モノ/ヲ/ /セッ/シュ/ /シ/タ/リ/、/エイ/ヨー/ /バ/ラ/ン/ス/ノ/ /ト/レ/タ/ /ショク/ジ/ヲ/ /ココロ/ガ/ケ/ル/ /コ/ト/モ/ /タイ/セツ/デ/ス/。/マ/タ/、/テア/ラ/イ/ヤ/ /ウ/ガ/イ/ヲ/ /ヒン/パン/ニ/ /オコナ/ウ/ /コ/ト/デ/、/ウ/イ/ル/ス/ノ/ /カク/サン/ヲ/ /フセ/グ/ /コ/ト/ガ/ /デ/キ/マ/ス/。/カ/ゼ/ガ/ /ナガ/ビ/ク/ /バ/アイ/ヤ/ /ショー/ジョー/ガ/ /アッ/カ/ /ス/ル/ /バ/アイ/ワ/、/イ/シ/ノ/ /シン/サツ/ヲ/ /ウ/ケ/ル/ /コ/ト/ヲ/ /オ/ス/ス/メ/ /シ/マ/ス/。
スーパー マーケットは、食品や 日用品などを 幅広く 取り扱う 大型の 小売店です。スーパー マーケットは、地域の 人々に とって 便利な 買い物の 場で あり、新鮮な 野菜や 果物、肉、魚などの 食品から、洗剤や トイレット ペーパーなどの 日用品まで、多様な 商品が 揃って います。また、スーパー マーケットでは、特売や ポイント カードなどの サービスも 提供 されて おり、消費者に とって 魅力的な 選択肢と なって います。	ス/ー/パ/ー/ /マ/ー/ケ/ッ/ト/ワ/、/ショク/ヒン/ヤ/ /ニチ/ヨー/ヒン/ナ/ド/ヲ/ /ハバ/ヒロ/ク/ /ト/リ/アツカ/ウ/ /オオ/ガタ/ノ/ /コ/ウリ/テン/デ/ス/。/ス/ー/パ/ー/ /マ/ー/ケ/ッ/ト/ワ/、/チ/イキ/ノ/ /ヒト/ビト/ニ/ /ト/ッ/テ/ /ベン/リ/ナ/ /カ/イ/モノ/ノ/ /バ/デ/ /ア/リ/、/シン/セン/ナ/ /ヤ/サイ/ヤ/ /クダ/モノ/、/ニク/、/サカナ/ナ/ド/ノ/ /ショク/ヒン/カ/ラ/、/セン/ザイ/ヤ/ /ト/イ/レ/ッ/ト/ /ペ/ー/パ/ー/ナ/ド/ノ/ /ニチ/ヨー/ヒン/マ/デ/、/タ/ヨー/ナ/ /ショー/ヒン/ガ/ /ソロ/ッ/テ/ /イ/マ/ス/。/マ/タ/、/ス/ー/パ/ー/マ/ー/ケ/ッ/ト/デ/ワ/、/トク/バイ/ヤ/ /ポ/イ/ン/ト/ /カ/ー/ド/ナ/ド/ノ/ /サ/ー/ビ/ス/モ/ /テイ/キョー/ /サ/レ/テ/ /オ/リ/、/ショー/ヒ/シャ/ニ/ /ト/ッ/テ/ /ミ/リョク/テキ/ナ/ /セン/タク/シ/ト/ /ナ/ッ/テ/ /イ/マ/ス/。
コンビニエンス ストアは、24時間 営業の 小型 店舗で、食品や 日用品などを 手軽に 購入 できる 場所です。コンビニは、都市部を 中心に 広く 展開 されて おり、忙しい 人々に とって 便利な 存在と なって います。コンビニでは、弁当や おにぎり、飲み物などの 食品から、雑誌や 日用品まで 幅広い 商品が 取り扱われて います。また、や 公共 料金の 支払いなどの サービスも 提供 されて いる ことが 多いです。	コ/ン/ビ/ニ/エ/ン/ス/ /ス/ト/ア/ワ/、/2/4/ジ/カン/ /エイ/ギョー/ノ/ /コ/ガタ/ /テン/ポ/デ/、/ショク/ヒン/ヤ/ /ニチ/ヨー/ヒン/ナ/ド/ヲ/ /テ/ガル/ニ/ /コー/ニュー/ /デ/キ/ル/ /バ/ショ/デ/ス/。/コ/ン/ビ/ニ/ワ/、/ト/シ/ブ/ヲ/ /チュー/シン/ニ/ /ヒロ/ク/ /テン/カイ/ /サ/レ/テ/ /オ/リ/、/イソガ/シ/イ/ /ヒト/ビト/ニ/ /ト/ッ/テ/ /ベン/リ/ナ/ /ソン/ザイ/ト/ /ナ/ッ/テ/ /イ/マ/ス/。/コ/ン/ビ/ニ/デ/ワ/、/ベン/トー/ヤ/ /オ/ニ/ギ/リ/、/ノ/ミ/モノ/ナ/ド/ノ/ /ショク/ヒン/カ/ラ/、/ザッ/シ/ヤ/ /ニチ/ヨー/ヒン/マ/デ/ /ハバ/ヒロ/イ/ /ショー/ヒン/ガ/ /ト/リ/アツカ/ワ/レ/テ/ /イ/マ/ス/。/マ/タ/、/ヤ/ /コー/キョー/ /リョー/キン/ノ/ /シ/ハラ/イ/ナ/ド/ノ/ /サ/ー/ビ/ス/モ/ /テイ/キョー/ /サ/レ/テ/ /イ/ル/ /コ/ト/ガ/ /オオ/イ/デ/ス/。
仮想 現実は、コンピュータ 技術を 利用 して、ユーザーが 仮想の 環境に 没入 できるように する 技術です。は、ヘッド セットや コントローラーなどの デバイスを 使用 して、視覚、聴覚、触覚などの 感覚を 刺激 し、リアルな 体験を 提供 します。は、ゲームや エンターテインメントだけで なく、教育や 医療などの 分野でも 活用 されて おり、今後も その 応用 範囲は 広がって いくと 期待 されて います。	カ/ソー/ /ゲン/ジツ/ワ/、/コ/ン/ピュ/ー/タ/ /ギ/ジュツ/ヲ/ /リ/ヨー/ /シ/テ/、/ユ/ー/ザ/ー/ガ/ /カ/ソー/ノ/ /カン/キョー/ニ/ /ボツ/ニュー/ /デ/キ/ル/ヨ/ー/ニ/ /ス/ル/ /ギ/ジュツ/デ/ス/。/ワ/、/ヘ/ッ/ド/ /セ/ッ/ト/ヤ/ /コ/ン/ト/ロ/ー/ラ/ー/ナ/ド/ノ/ /デ/バ/イ/ス/ヲ/ /シ/ヨー/ /シ/テ/、/シ/カク/、/チョー/カク/、/ショッ/カク/ナ/ド/ノ/ /カン/カク/ヲ/ /シ/ゲキ/ /シ/、/リ/ア/ル/ナ/ /タイ/ケン/ヲ/ /テイ/キョー/ /シ/マ/ス/。/ワ/、/ゲ/ー/ム/ヤ/ /エ/ン/タ/ー/テ/イ/ン/メ/ン/ト/ダ/ケ/デ/ /ナ/ク/、/キョー/イク/ヤ/ /イ/リョー/ナ/ド/ノ/ /ブン/ヤ/デ/モ/ /カツ/ヨー/ /サ/レ/テ/ /オ/リ/、/コン/ゴ/モ/ /ソ/ノ/ /オー/ヨー/ /ハン/イ/ワ/ /ヒロ/ガ/ッ/テ/ /イ/ク/ト/ /キ/タイ/ /サ/レ/テ/ /イ/マ/ス/。
ブロック チェーンは、分散型の デジタル 台帳 技術で あり、取引や データの 記録を 安全 かつ 透明に 管理 する ことが できます。ブロック チェーンは、複数の ノードが 参加 する ネット ワーク上で、取引 データを ブロックに まとめて 連鎖的に 接続 する ことで 構成 されます。この 技術は、暗号 通貨の 基盤と して 広く 知られて いますが、サプライ チェーン 管理や 投票 システムなど、様々な 分野での 応用も 期待 されて います。ブロック チェーンは、セキュリティと 透明性を 提供 する ため、今後も 注目 される 技術と なって います。	ブ/ロ/ッ/ク/ /チェ/ー/ン/ワ/、/ブン/サン/ガタ/ノ/ /デ/ジ/タ/ル/ /ダイ/チョー/ /ギ/ジュツ/デ/ /ア/リ/、/トリ/ヒキ/ヤ/ /デ/ー/タ/ノ/ /キ/ロク/ヲ/ /アン/ゼン/ /カ/ツ/ /トー/メイ/ニ/ /カン/リ/ /ス/ル/ /コ/ト/ガ/ /デ/キ/マ/ス/。/ブ/ロ/ッ/ク/ /チェ/ー/ン/ワ/、/フク/スー/ノ/ /ノ/ー/ド/ガ/ /サン/カ/ /ス/ル/ /ネ/ッ/ト/ /ワ/ー/ク/ジョー/デ/、/トリ/ヒキ/ /デ/ー/タ/ヲ/ /ブ/ロ/ッ/ク/ニ/ /マ/ト/メ/テ/ /レン/サ/テキ/ニ/ /セツ/ゾク/ /ス/ル/ /コ/ト/デ/ /コー/セイ/ /サ/レ/マ/ス/。/コ/ノ/ /ギ/ジュツ/ワ/、/アン/ゴー/ /ツー/カ/ノ/ /キ/バン/ト/ /シ/テ/ /ヒロ/ク/ /シ/ラ/レ/テ/ /イ/マ/ス/ガ/、/サ/プ/ラ/イ/ /チェ/ー/ン/ /カン/リ/ヤ/ /トー/ヒョー/ /シ/ス/テ/ム/ナ/ド/、/サマ/ザマ/ナ/ /ブン/ヤ/デ/ノ/ /オー/ヨー/モ/ /キ/タイ/ /サ/レ/テ/ /イ/マ/ス/。/ブ/ロ/ッ/ク/ /チェ/ー/ン/ワ/、/セ/キュ/リ/ティ/ト/ /トー/メイ/セイ/ヲ/ /テイ/キョー/ /ス/ル/ /タ/メ/、/コン/ゴ/モ/ /チュー/モク/ /サ/レ/ル/ /ギ/ジュツ/ト/ /ナ/ッ/テ/ /イ/マ/ス/。
量子 コンピュータは、量子 力学の 原理を 利用 して 計算を 行う 新しい タイプの コンピュータです。量子 コンピュータは、量子 ビット（キュービット）を 使用 して 情報を 表現 し、従来の コンピュータよりも 高速な 計算が 可能です。量子 コンピュータは、特定の 問題に 対して 従来の コンピュータよりも 効率的に 解決 できると 期待 されて おり、暗号 解読や 最適化 問題などでの 応用が 注目 されて います。しかし、量子 コンピュータの 実用化には まだ 多くの 課題が 残されて おり、研究が 進められて います。	リョー/シ/ /コ/ン/ピュ/ー/タ/ワ/、/リョー/シ/ /リキ/ガク/ノ/ /ゲン/リ/ヲ/ /リ/ヨー/ /シ/テ/ /ケイ/サン/ヲ/ /オコナ/ウ/ /アタラ/シ/イ/ /タ/イ/プ/ノ/ /コ/ン/ピュ/ー/タ/デ/ス/。/リョー/シ/ /コ/ン/ピュ/ー/タ/ワ/、/リョー/シ/ /ビ/ッ/ト/（/キュ/ー/ビ/ッ/ト/）/ヲ/ /シ/ヨー/ /シ/テ/ /ジョー/ホー/ヲ/ /ヒョー/ゲン/ /シ/、/ジュー/ライ/ノ/ /コ/ン/ピュ/ー/タ/ヨ/リ/モ/ /コー/ソク/ナ/ /ケイ/サン/ガ/ /カ/ノー/デ/ス/。/リョー/シ/ /コ/ン/ピュ/ー/タ/ワ/、/トク/テイ/ノ/ /モン/ダイ/ニ/ /タイ/シ/テ/ /ジュー/ライ/ノ/ /コ/ン/ピュ/ー/タ/ヨ/リ/モ/ /コー/リツ/テキ/ニ/ /カイ/ケツ/ /デ/キ/ル/ト/ /キ/タイ/ /サ/レ/テ/ /オ/リ/、/アン/ゴー/ /カイ/ドク/ヤ/ /サイ/テキ/カ/ /モン/ダイ/ナ/ド/デ/ノ/ /オー/ヨー/ガ/ /チュー/モク/ /サ/レ/テ/ /イ/マ/ス/。/シ/カ/シ/、/リョー/シ/ /コ/ン/ピュ/ー/タ/ノ/ /ジツ/ヨー/カ/ニ/ワ/ /マ/ダ/ /オオ/ク/ノ/ /カ/ダイ/ガ/ /ノコ/サ/レ/テ/ /オ/リ/、/ケン/キュー/ガ/ /スス/メ/ラ/レ/テ/ /イ/マ/ス/。
人工 知能は、コンピュータ システムが 人間のように 学習、推論、問題 解決などの 知的な タスクを 実行 する 能力を 指します。人工 知能は、機械 学習や 深層 学習などの 技術を 利用 して、大量の データから パターンを 見つけ 出し、予測や 意思 決定を 行う ことが できます。人工 知能は、医療、金融、交通など 様々な 分野で 活用 されて おり、今後も その 応用 範囲は 広がって いくと 期待 されて います。	ジン/コー/ /チ/ノー/ワ/、/コ/ン/ピュ/ー/タ/ /シ/ス/テ/ム/ガ/ /ニン/ゲン/ノ/ヨ/ー/ニ/ /ガク/シュー/、/スイ/ロン/、/モン/ダイ/ /カイ/ケツ/ナ/ド/ノ/ /チ/テキ/ナ/ /タ/ス/ク/ヲ/ /ジッ/コー/ /ス/ル/ /ノー/リョク/ヲ/ /サ/シ/マ/ス/。/ジン/コー/ /チ/ノー/ワ/、/キ/カイ/ /ガク/シュー/ヤ/ /シン/ソー/ /ガク/シュー/ナ/ド/ノ/ /ギ/ジュツ/ヲ/ /リ/ヨー/ /シ/テ/、/タイ/リョー/ノ/ /デ/ー/タ/カ/ラ/ /パ/タ/ー/ン/ヲ/ /ミ/ツ/ケ/ /ダ/シ/、/ヨ/ソク/ヤ/ /イ/シ/ /ケッ/テイ/ヲ/ /オコナ/ウ/ /コ/ト/ガ/ /デ/キ/マ/ス/。/ジン/コー/ /チ/ノー/ワ/、/イ/リョー/、/キン/ユー/、/コー/ツー/ナ/ド/ /サマ/ザマ/ナ/ /ブン/ヤ/デ/ /カツ/ヨー/ /サ/レ/テ/ /オ/リ/、/コン/ゴ/モ/ /ソ/ノ/ /オー/ヨー/ /ハン/イ/ワ/ /ヒロ/ガ/ッ/テ/ /イ/ク/ト/ /キ/タイ/ /サ/レ/テ/ /イ/マ/ス/。
データ センターは、大量の データを 保存 し、処理 する ための 施設です。データ センターは、サーバーや ストレージ 機器、ネット ワーク 機器などが 設置 されて おり、企業や 組織が データを 管理 する ために 利用 されます。データ センターは、高い セキュリティと 信頼性を 提供 する ことが 求められます。また、エネルギー 効率の 向上や 環境への 配慮も 重要な 要素と なって います。	デ/ー/タ/ /セ/ン/タ/ー/ワ/、/タイ/リョー/ノ/ /デ/ー/タ/ヲ/ /ホ/ゾン/ /シ/、/ショ/リ/ /ス/ル/ /タ/メ/ノ/ /シ/セツ/デ/ス/。/デ/ー/タ/ /セ/ン/タ/ー/ワ/、/サ/ー/バ/ー/ヤ/ /ス/ト/レ/ー/ジ/ /キ/キ/、/ネ/ッ/ト/ /ワ/ー/ク/ /キ/キ/ナ/ド/ガ/ /セッ/チ/ /サ/レ/テ/ /オ/リ/、/キ/ギョー/ヤ/ /ソ/シキ/ガ/ /デ/ー/タ/ヲ/ /カン/リ/ /ス/ル/ /タ/メ/ニ/ /リ/ヨー/ /サ/レ/マ/ス/。/デ/ー/タ/ /セ/ン/タ/ー/ワ/、/タカ/イ/ /セ/キュ/リ/ティ/ト/ /シン/ライ/セイ/ヲ/ /テイ/キョー/ /ス/ル/ /コ/ト/ガ/ /モト/メ/ラ/レ/マ/ス/。/マ/タ/、/エ/ネ/ル/ギ/ー/ /コー/リツ/ノ/ /コー/ジョー/ヤ/ /カン/キョー/エ/ノ/ /ハイ/リョ/モ/ /ジュー/ヨー/ナ/ /ヨー/ソ/ト/ /ナ/ッ/テ/ /イ/マ/ス/。
セキュリティは、情報や システムを 保護 する ための 重要な 要素です。セキュリティ 対策には、ファイアウォールや 暗号化、アクセス 制御などが 含まれます。これらの 対策は、サイバー 攻撃や 不正 アクセスから 情報を 守る ために 必要です。また、セキュリティは 個人 情報の 保護や 企業の 信頼性 向上にも 寄与 します。セキュリティ 意識を 高める ことは、現代の デジタル 社会に おいて 不可欠な 要素と なって います。	セ/キュ/リ/ティ/ワ/、/ジョー/ホー/ヤ/ /シ/ス/テ/ム/ヲ/ /ホ/ゴ/ /ス/ル/ /タ/メ/ノ/ /ジュー/ヨー/ナ/ /ヨー/ソ/デ/ス/。/セ/キュ/リ/ティ/ /タイ/サク/ニ/ワ/、/ファ/イ/ア/ウォ/ー/ル/ヤ/ /アン/ゴー/カ/、/ア/ク/セ/ス/ /セイ/ギョ/ナ/ド/ガ/ /フク/マ/レ/マ/ス/。/コ/レ/ラ/ノ/ /タイ/サク/ワ/、/サ/イ/バ/ー/ /コー/ゲキ/ヤ/ /フ/セイ/ /ア/ク/セ/ス/カ/ラ/ /ジョー/ホー/ヲ/ /マモ/ル/ /タ/メ/ニ/ /ヒツ/ヨー/デ/ス/。/マ/タ/、/セ/キュ/リ/ティ/ワ/ /コ/ジン/ /ジョー/ホー/ノ/ /ホ/ゴ/ヤ/ /キ/ギョー/ノ/ /シン/ライ/セイ/ /コー/ジョー/ニ/モ/ /キ/ヨ/ /シ/マ/ス/。/セ/キュ/リ/ティ/ /イ/シキ/ヲ/ /タカ/メ/ル/ /コ/ト/ワ/、/ゲン/ダイ/ノ/ /デ/ジ/タ/ル/ /シャ/カイ/ニ/ /オ/イ/テ/ /フ/カ/ケツ/ナ/ /ヨー/ソ/ト/ /ナ/ッ/テ/ /イ/マ/ス/。
椅子に 乗るのは 危ないので やめましょう。	イ/ス/ニ/ /ノ/ル/ノ/ワ/ /アブ/ナ/イ/ノ/デ/ /ヤ/メ/マ/ショ/ー/。
車椅子 バスケット ボールは、障害を 持つ 人々が 楽しむ ことが できる スポーツの 一つです。車椅子 バスケット ボールは、通常の バスケット ボールと 同様の ルールで 行われますが、選手は 車椅子を 使用 して プレイ します。この スポーツは、身体的な 障害を 持つ 人々に とって、運動 能力の 向上や 社会的な 交流の 機会を 提供 する 重要な 活動と なって います。また、車椅子 バスケット ボールは、国際的な 大会も 開催 されて おり、多くの 選手が 活躍 して います。	クルマ/イ/ス/ /バ/ス/ケ/ッ/ト/ /ボ/ー/ル/ワ/、/ショー/ガイ/ヲ/ /モ/ツ/ /ヒト/ビト/ガ/ /タノ/シ/ム/ /コ/ト/ガ/ /デ/キ/ル/ /ス/ポ/ー/ツ/ノ/ /ヒト/ツ/デ/ス/。/クルマ/イ/ス/ /バ/ス/ケ/ッ/ト/ /ボ/ー/ル/ワ/、/ツー/ジョー/ノ/ /バ/ス/ケ/ッ/ト/ /ボ/ー/ル/ト/ /ドー/ヨー/ノ/ /ル/ー/ル/デ/ /オコナ/ワ/レ/マ/ス/ガ/、/セン/シュ/ワ/ /クルマ/イ/ス/ヲ/ /シ/ヨー/ /シ/テ/ /プ/レ/イ/ /シ/マ/ス/。/コ/ノ/ /ス/ポ/ー/ツ/ワ/、/シン/タイ/テキ/ナ/ /ショー/ガイ/ヲ/ /モ/ツ/ /ヒト/ビト/ニ/ /ト/ッ/テ/、/ウン/ドー/ /ノー/リョク/ノ/ /コー/ジョー/ヤ/ /シャ/カイ/テキ/ナ/ /コー/リュー/ノ/ /キ/カイ/ヲ/ /テイ/キョー/ /ス/ル/ /ジュー/ヨー/ナ/ /カツ/ドー/ト/ /ナ/ッ/テ/ /イ/マ/ス/。/マ/タ/、/クルマ/イ/ス/ /バ/ス/ケ/ッ/ト/ /ボ/ー/ル/ワ/、/コク/サイ/テキ/ナ/ /タイ/カイ/モ/ /カイ/サイ/ /サ/レ/テ/ /オ/リ/、/オオ/ク/ノ/ /セン/シュ/ガ/ /カツ/ヤク/ /シ/テ/ /イ/マ/ス/。
低遅延の 通信は、リアル タイムの アプリケーションや サービスに とって 非常に 重要です。例えば、オンライン ゲームや ビデオ 会議などでは、遅延が 少ない 通信が 求められます。低遅延の 通信を 実現 する ためには、高速な ネット ワーク インフラや 効率的な プロトコルの 使用が 必要です。また、データ センターや エッジ コンピューティングの 活用も、低遅延を 実現 する ための 重要な 要素と なって います。	テイ/チ/エン/ノ/ /ツー/シン/ワ/、/リ/ア/ル/ /タ/イ/ム/ノ/ /ア/プ/リ/ケ/ー/ショ/ン/ヤ/ /サ/ー/ビ/ス/ニ/ /ト/ッ/テ/ /ヒ/ジョー/ニ/ /ジュー/ヨー/デ/ス/。/タト/エ/バ/、/オ/ン/ラ/イ/ン/ /ゲ/ー/ム/ヤ/ /ビ/デ/オ/ /カイ/ギ/ナ/ド/デ/ワ/、/チ/エン/ガ/ /スク/ナ/イ/ /ツー/シン/ガ/ /モト/メ/ラ/レ/マ/ス/。/テイ/チ/エン/ノ/ /ツー/シン/ヲ/ /ジツ/ゲン/ /ス/ル/ /タ/メ/ニ/ワ/、/コー/ソク/ナ/ /ネ/ッ/ト/ /ワ/ー/ク/ /イ/ン/フ/ラ/ヤ/ /コー/リツ/テキ/ナ/ /プ/ロ/ト/コ/ル/ノ/ /シ/ヨー/ガ/ /ヒツ/ヨー/デ/ス/。/マ/タ/、/デ/ー/タ/ /セ/ン/タ/ー/ヤ/ /エ/ッ/ジ/ /コ/ン/ピュ/ー/ティ/ン/グ/ノ/ /カツ/ヨー/モ/、/テイ/チ/エン/ヲ/ /ジツ/ゲン/ /ス/ル/ /タ/メ/ノ/ /ジュー/ヨー/ナ/ /ヨー/ソ/ト/ /ナ/ッ/テ/ /イ/マ/ス/。
広帯域の 通信 経路が 必要な 現代の インター ネット 環境では、光 ファイバーが 主流と なって います。光 ファイバーは、光 信号を 利用 して データを 高速で 伝送 する 技術で あり、従来の 銅線に 比べて 大幅に 高速な 通信が 可能です。また、光 ファイバーは 長距離 伝送にも 適して おり、信号の 減衰が 少ない ため、広範囲に わたる ネット ワーク 構築に 最適です。さらに、光 ファイバーは 電磁 干渉に 強い ため、安定 した 通信 環境を 提供 します。	コー/タイ/イキ/ノ/ /ツー/シン/ /ケイ/ロ/ガ/ /ヒツ/ヨー/ナ/ /ゲン/ダイ/ノ/ /イ/ン/タ/ー/ /ネ/ッ/ト/ /カン/キョー/デ/ワ/、/ヒカリ/ /ファ/イ/バ/ー/ガ/ /シュ/リュー/ト/ /ナ/ッ/テ/ /イ/マ/ス/。/ヒカリ/ /ファ/イ/バ/ー/ワ/、/ヒカリ/ /シン/ゴー/ヲ/ /リ/ヨー/ /シ/テ/ /デ/ー/タ/ヲ/ /コー/ソク/デ/ /デン/ソー/ /ス/ル/ /ギ/ジュツ/デ/ /ア/リ/、/ジュー/ライ/ノ/ /ドー/セン/ニ/ /クラ/ベ/テ/ /オオ/ハバ/ニ/ /コー/ソク/ナ/ /ツー/シン/ガ/ /カ/ノー/デ/ス/。/マ/タ/、/ヒカリ/ /ファ/イ/バ/ー/ワ/ /チョー/キョ/リ/ /デン/ソー/ニ/モ/ /テキ/シ/テ/ /オ/リ/、/シン/ゴー/ノ/ /ゲン/スイ/ガ/ /スク/ナ/イ/ /タ/メ/、/コー/ハン/イ/ニ/ /ワ/タ/ル/ /ネ/ッ/ト/ /ワ/ー/ク/ /コー/チク/ニ/ /サイ/テキ/デ/ス/。/サ/ラ/ニ/、/ヒカリ/ /ファ/イ/バ/ー/ワ/ /デン/ジ/ /カン/ショー/ニ/ /ツヨ/イ/ /タ/メ/、/アン/テイ/ /シ/タ/ /ツー/シン/ /カン/キョー/ヲ/ /テイ/キョー/ /シ/マ/ス/。
映画は、視覚と 聴覚を 通じて 物語を 伝える 芸術 形式の 一つです。映画は、脚本、演技、撮影、編集などの 要素が 組み合わさって 作られます。映画は、エンターテインメントだけで なく、社会的な メッセージや 文化的な 価値観を 伝える 手段と しても 重要です。また、映画は 人々の 感情に 訴えかける ことが できる ため、多くの 人に 愛されて おり、世界中で 多くの 映画が 制作 されて います。	エイ/ガ/ワ/、/シ/カク/ト/ /チョー/カク/ヲ/ /ツー/ジ/テ/ /モノ/ガタリ/ヲ/ /ツタ/エ/ル/ /ゲイ/ジュツ/ /ケイ/シキ/ノ/ /ヒト/ツ/デ/ス/。/エイ/ガ/ワ/、/キャク/ホン/、/エン/ギ/、/サツ/エイ/、/ヘン/シュー/ナ/ド/ノ/ /ヨー/ソ/ガ/ /ク/ミ/ア/ワ/サ/ッ/テ/ /ツク/ラ/レ/マ/ス/。/エイ/ガ/ワ/、/エ/ン/タ/ー/テ/イ/ン/メ/ン/ト/ダ/ケ/デ/ /ナ/ク/、/シャ/カイ/テキ/ナ/ /メ/ッ/セ/ー/ジ/ヤ/ /ブン/カ/テキ/ナ/ /カ/チ/カン/ヲ/ /ツタ/エ/ル/ /シュ/ダン/ト/ /シ/テ/モ/ /ジュー/ヨー/デ/ス/。/マ/タ/、/エイ/ガ/ワ/ /ヒト/ビト/ノ/ /カン/ジョー/ニ/ /ウッタ/エ/カ/ケ/ル/ /コ/ト/ガ/ /デ/キ/ル/ /タ/メ/、/オオ/ク/ノ/ /ヒト/ニ/ /アイ/サ/レ/テ/ /オ/リ/、/セ/カイ/ジュー/デ/ /オオ/ク/ノ/ /エイ/ガ/ガ/ /セイ/サク/ /サ/レ/テ/ /イ/マ/ス/。
音楽は、感情や 思考を 表現 する ための 芸術 形式の 一つです。音楽は、リズム、メロディー、ハーモニーなどの 要素を 組み合わせて 作られます。音楽は、文化や 時代に よって 様々な スタイルや ジャンルが 存在 し、人々の 心に 深く 響く ことが あります。また、音楽は ストレス 解消や リラクゼーションにも 効果的で あり、多くの 人に とって 日常 生活の 一部と なって います。	オン/ガク/ワ/、/カン/ジョー/ヤ/ /シ/コー/ヲ/ /ヒョー/ゲン/ /ス/ル/ /タ/メ/ノ/ /ゲイ/ジュツ/ /ケイ/シキ/ノ/ /ヒト/ツ/デ/ス/。/オン/ガク/ワ/、/リ/ズ/ム/、/メ/ロ/ディ/ー/、/ハ/ー/モ/ニ/ー/ナ/ド/ノ/ /ヨー/ソ/ヲ/ /ク/ミ/ア/ワ/セ/テ/ /ツク/ラ/レ/マ/ス/。/オン/ガク/ワ/、/ブン/カ/ヤ/ /ジ/ダイ/ニ/ /ヨ/ッ/テ/ /サマ/ザマ/ナ/ /ス/タ/イ/ル/ヤ/ /ジャ/ン/ル/ガ/ /ソン/ザイ/ /シ/、/ヒト/ビト/ノ/ /ココロ/ニ/ /フカ/ク/ /ヒビ/ク/ /コ/ト/ガ/ /ア/リ/マ/ス/。/マ/タ/、/オン/ガク/ワ/ /ス/ト/レ/ス/ /カイ/ショー/ヤ/ /リ/ラ/ク/ゼ/ー/ショ/ン/ニ/モ/ /コー/カ/テキ/デ/ /ア/リ/、/オオ/ク/ノ/ /ヒト/ニ/ /ト/ッ/テ/ /ニチ/ジョー/ /セイ/カツ/ノ/ /イチ/ブ/ト/ /ナ/ッ/テ/ /イ/マ/ス/。
旅行は、異なる 文化や 風景を 体験 する 素晴らしい 方法です。旅行を 通じて、新しい 場所を 訪れたり、地元の 人々と 交流 したり する ことで、視野が 広がります。また、旅行は リフレッシュや ストレス 解消にも 効果的で あり、日常 生活から 離れて 新しい 環境に 身を 置く ことで、心身 ともに リフレッシュ できます。さらに、旅行は 思い出作りにも 最適で あり、家族や 友人との 絆を 深める 機会にも なります。	リョ/コー/ワ/、/コト/ナ/ル/ /ブン/カ/ヤ/ /フー/ケイ/ヲ/ /タイ/ケン/ /ス/ル/ /ス/バ/ラ/シ/イ/ /ホー/ホー/デ/ス/。/リョ/コー/ヲ/ /ツー/ジ/テ/、/アタラ/シ/イ/ /バ/ショ/ヲ/ /オトズ/レ/タ/リ/、/ジ/モト/ノ/ /ヒト/ビト/ト/ /コー/リュー/ /シ/タ/リ/ /ス/ル/ /コ/ト/デ/、/シ/ヤ/ガ/ /ヒロ/ガ/リ/マ/ス/。/マ/タ/、/リョ/コー/ワ/ /リ/フ/レ/ッ/シュ/ヤ/ /ス/ト/レ/ス/ /カイ/ショー/ニ/モ/ /コー/カ/テキ/デ/ /ア/リ/、/ニチ/ジョー/ /セイ/カツ/カ/ラ/ /ハナ/レ/テ/ /アタラ/シ/イ/ /カン/キョー/ニ/ /ミ/ヲ/ /オ/ク/ /コ/ト/デ/、/シン/シン/ /ト/モ/ニ/ /リ/フ/レ/ッ/シュ/ /デ/キ/マ/ス/。/サ/ラ/ニ/、/リョ/コー/ワ/ /オモ/イ/デ/ヅク/リ/ニ/モ/ /サイ/テキ/デ/ /ア/リ/、/カ/ゾク/ヤ/ /ユー/ジン/ト/ノ/ /キズナ/ヲ/ /フカ/メ/ル/ /キ/カイ/ニ/モ/ /ナ/リ/マ/ス/。
学校の 授業では、様々な 科目が 教えられます。国語、数学、理科、社会などの 基本的な 科目から、音楽、美術、体育などの 特別な 科目まで、多岐に わたります。学校の 授業は、生徒が 知識を 深めるだけで なく、社会性や 協調性を 養う 場でも あります。また、授業を 通じて、生徒は 自分の 興味や 才能を 見つける ことが できる ため、将来の 進路 選択にも 大きな 影響を 与えます。	ガッ/コー/ノ/ /ジュ/ギョー/デ/ワ/、/サマ/ザマ/ナ/ /カ/モク/ガ/ /オシ/エ/ラ/レ/マ/ス/。/コク/ゴ/、/スー/ガク/、/リ/カ/、/シャ/カイ/ナ/ド/ノ/ /キ/ホン/テキ/ナ/ /カ/モク/カ/ラ/、/オン/ガク/、/ビ/ジュツ/、/タイ/イク/ナ/ド/ノ/ /トク/ベツ/ナ/ /カ/モク/マ/デ/、/タ/キ/ニ/ /ワ/タ/リ/マ/ス/。/ガッ/コー/ノ/ /ジュ/ギョー/ワ/、/セイ/ト/ガ/ /チ/シキ/ヲ/ /フカ/メ/ル/ダ/ケ/デ/ /ナ/ク/、/シャ/カイ/セイ/ヤ/ /キョー/チョー/セイ/ヲ/ /ヤシナ/ウ/ /バ/デ/モ/ /ア/リ/マ/ス/。/マ/タ/、/ジュ/ギョー/ヲ/ /ツー/ジ/テ/、/セイ/ト/ワ/ /ジ/ブン/ノ/ /キョー/ミ/ヤ/ /サイ/ノー/ヲ/ /ミ/ツ/ケ/ル/ /コ/ト/ガ/ /デ/キ/ル/ /タ/メ/、/ショー/ライ/ノ/ /シン/ロ/ /セン/タク/ニ/モ/ /オオ/キ/ナ/ /エイ/キョー/ヲ/ /アタ/エ/マ/ス/。
ラーメンは、日本 発祥の 麺 料理で、世界中で 人気が あります。ラーメンには 様々な 種類が あり、醤油 ラーメン、味噌 ラーメン、塩 ラーメンなど、スープの 味に よって 分類 されます。また、トッピングも 多様で、チャーシュー、メンマ、ネギなどが 一般的です。ラーメンは、その 美味しさと 手軽さから、多くの 人に 愛されて おり、専門店も 数 多く 存在 します。	ラ/ー/メ/ン/ワ/、/ニッ/ポン/ /ハッ/ショー/ノ/ /メン/ /リョー/リ/デ/、/セ/カイ/ジュー/デ/ /ニン/キ/ガ/ /ア/リ/マ/ス/。/ラ/ー/メ/ン/ニ/ワ/ /サマ/ザマ/ナ/ /シュ/ルイ/ガ/ /ア/リ/、/ショー/ユ/ /ラ/ー/メ/ン/、/ミ/ソ/ /ラ/ー/メ/ン/、/シオ/ /ラ/ー/メ/ン/ナ/ド/、/ス/ー/プ/ノ/ /アジ/ニ/ /ヨ/ッ/テ/ /ブン/ルイ/ /サ/レ/マ/ス/。/マ/タ/、/ト/ッ/ピ/ン/グ/モ/ /タ/ヨー/デ/、/チャ/ー/シュ/ー/、/メ/ン/マ/、/ネ/ギ/ナ/ド/ガ/ /イッ/パン/テキ/デ/ス/。/ラ/ー/メ/ン/ワ/、/ソ/ノ/ /オ/イ/シ/サ/ト/ /テ/ガル/サ/カ/ラ/、/オオ/ク/ノ/ /ヒト/ニ/ /アイ/サ/レ/テ/ /オ/リ/、/セン/モン/テン/モ/ /カズ/ /オオ/ク/ /ソン/ザイ/ /シ/マ/ス/。
カレーは、スパイスを 使った 料理の 一種で、世界中で 愛されて います。カレーには 様々な 種類が あり、インドの カレー、日本の カレー、タイの カレーなど、地域に よって 異なる 特徴が あります。カレーは、肉や 野菜を 煮込んで 作られる ことが 多く、ご飯や ナンと 一緒に 食べる ことが 一般的です。また、カレーは 家庭 料理と しても 人気が あり、多くの レシピが 存在 します。	カ/レ/ー/ワ/、/ス/パ/イ/ス/ヲ/ /ツカ/ッ/タ/ /リョー/リ/ノ/ /イッ/シュ/デ/、/セ/カイ/ジュー/デ/ /アイ/サ/レ/テ/ /イ/マ/ス/。/カ/レ/ー/ニ/ワ/ /サマ/ザマ/ナ/ /シュ/ルイ/ガ/ /ア/リ/、/イ/ン/ド/ノ/ /カ/レ/ー/、/ニッ/ポン/ノ/ /カ/レ/ー/、/タ/イ/ノ/ /カ/レ/ー/ナ/ド/、/チ/イキ/ニ/ /ヨ/ッ/テ/ /コト/ナ/ル/ /トク/チョー/ガ/ /ア/リ/マ/ス/。/カ/レ/ー/ワ/、/ニク/ヤ/ /ヤ/サイ/ヲ/ /ニ/コ/ン/デ/ /ツク/ラ/レ/ル/ /コ/ト/ガ/ /オオ/ク/、/ゴ/ハン/ヤ/ /ナ/ン/ト/ /イッ/ショ/ニ/ /タ/ベ/ル/ /コ/ト/ガ/ /イッ/パン/テキ/デ/ス/。/マ/タ/、/カ/レ/ー/ワ/ /カ/テイ/ /リョー/リ/ト/ /シ/テ/モ/ /ニン/キ/ガ/ /ア/リ/、/オオ/ク/ノ/ /レ/シ/ピ/ガ/ /ソン/ザイ/ /シ/マ/ス/。
温泉 卵は、温泉の 湯で ゆっくりと 加熱 された 卵の ことを 指します。温泉 卵は、通常の 茹で卵とは 異なり、白身が とろりと 半熟 状態で、黄身も クリーミーな 食感に なって います。温泉 卵は、その 独特な 食感と 味わいから、サラダや 丼物などの トッピングと して 人気が あります。また、温泉 卵は 自宅でも 簡単に 作る ことが できる ため、多くの 人に 楽しまれて います。	オン/セン/ /タマゴ/ワ/、/オン/セン/ノ/ /ユ/デ/ /ユ/ッ/ク/リ/ト/ /カ/ネツ/ /サ/レ/タ/ /タマゴ/ノ/ /コ/ト/ヲ/ /サ/シ/マ/ス/。/オン/セン/ /タマゴ/ワ/、/ツー/ジョー/ノ/ /ユ/デ/タマゴ/ト/ワ/ /コト/ナ/リ/、/シロ/ミ/ガ/ /ト/ロ/リ/ト/ /ハン/ジュク/ /ジョー/タイ/デ/、/キ/ミ/モ/ /ク/リ/ー/ミ/ー/ナ/ /ショッ/カン/ニ/ /ナ/ッ/テ/ /イ/マ/ス/。/オン/セン/ /タマゴ/ワ/、/ソ/ノ/ /ドク/トク/ナ/ /ショッ/カン/ト/ /アジ/ワ/イ/カ/ラ/、/サ/ラ/ダ/ヤ/ /ドンブリ/モノ/ナ/ド/ノ/ /ト/ッ/ピ/ン/グ/ト/ /シ/テ/ /ニン/キ/ガ/ /ア/リ/マ/ス/。/マ/タ/、/オン/セン/ /タマゴ/ワ/ /ジ/タク/デ/モ/ /カン/タン/ニ/ /ツク/ル/ /コ/ト/ガ/ /デ/キ/ル/ /タ/メ/、/オオ/ク/ノ/ /ヒト/ニ/ /タノ/シ/マ/レ/テ/ /イ/マ/ス/。
甘蕉は、バナナの 別名で、主に 台湾や 中国で 使われる ことが あります。甘蕉は、バナナと 同様に、甘くて 柔らかい 果肉が 特徴で、デザートや スムージーなどに 利用 されます。また、甘蕉は 栄養価も 高く、ビタミンや ミネラルが 豊富に 含まれて いる ため、健康にも 良いと されて います。	カン/ショー/ワ/、/バ/ナ/ナ/ノ/ /ベツ/メイ/デ/、/オモ/ニ/ /タイ/ワン/ヤ/ /チュー/ゴク/デ/ /ツカ/ワ/レ/ル/ /コ/ト/ガ/ /ア/リ/マ/ス/。/カン/ショー/ワ/、/バ/ナ/ナ/ト/ /ドー/ヨー/ニ/、/アマ/ク/テ/ /ヤワ/ラ/カ/イ/ /カ/ニク/ガ/ /トク/チョー/デ/、/デ/ザ/ー/ト/ヤ/ /ス/ム/ー/ジ/ー/ナ/ド/ニ/ /リ/ヨー/ /サ/レ/マ/ス/。/マ/タ/、/カン/ショー/ワ/ /エイ/ヨー/カ/モ/ /タカ/ク/、/ビ/タ/ミ/ン/ヤ/ /ミ/ネ/ラ/ル/ガ/ /ホー/フ/ニ/ /フク/マ/レ/テ/ /イ/ル/ /タ/メ/、/ケン/コー/ニ/モ/ /ヨ/イ/ト/ /サ/レ/テ/ /イ/マ/ス/。
居酒屋の 最後は 海苔茶漬けで 締める ことが 多いですね。海苔茶漬けは、ご飯の 上に 海苔を のせて、熱い お茶や だしを かけて 食べる 料理です。居酒屋での 締めの 一品と して 人気が あり、軽くて 消化も 良い ため、飲んだ 後の 胃に 優しい 選択肢と なって います。海苔茶漬けは、シンプルながらも 美味しい 料理で、多くの 人に 愛されて います。	イ/ザカ/ヤ/ノ/ /サイ/ゴ/ワ/ /ノ/リ/チャ/ヅ/ケ/デ/ /シ/メ/ル/ /コ/ト/ガ/ /オオ/イ/デ/ス/ネ/。/ノ/リ/チャ/ヅ/ケ/ワ/、/ゴ/ハン/ノ/ /ウエ/ニ/ /ノ/リ/ヲ/ /ノ/セ/テ/、/アツ/イ/ /オ/チャ/ヤ/ /ダ/シ/ヲ/ /カ/ケ/テ/ /タ/ベ/ル/ /リョー/リ/デ/ス/。/イ/ザカ/ヤ/デ/ノ/ /シ/メ/ノ/ /イッ/ピン/ト/ /シ/テ/ /ニン/キ/ガ/ /ア/リ/、/カル/ク/テ/ /ショー/カ/モ/ /ヨ/イ/ /タ/メ/、/ノ/ン/ダ/ /アト/ノ/ /イ/ニ/ /ヤサ/シ/イ/ /セン/タク/シ/ト/ /ナ/ッ/テ/ /イ/マ/ス/。/ノ/リ/チャ/ヅ/ケ/ワ/、/シ/ン/プ/ル/ナ/ガ/ラ/モ/ /オ/イ/シ/イ/ /リョー/リ/デ/、/オオ/ク/ノ/ /ヒト/ニ/ /アイ/サ/レ/テ/ /イ/マ/ス/。
いくらの 醤油漬けは、いくらを 醤油や みりんなどの 調味料に 漬け込んで 作られる 料理です。いくらの 醤油漬けは、鮭の 卵の 風味と 調味料の 味が 絶妙に マッチ して おり、ご飯の お供や お酒の つまみと して 人気が あります。いくらの 醤油漬けは、手軽に 作れる ことから 家庭でも よく 作られますし、レストランでも 提供 される ことが 多いです。	イ/ク/ラ/ノ/ /ショー/ユ/ヅ/ケ/ワ/、/イ/ク/ラ/ヲ/ /ショー/ユ/ヤ/ /ミ/リ/ン/ナ/ド/ノ/ /チョー/ミ/リョー/ニ/ /ツ/ケ/コ/ン/デ/ /ツク/ラ/レ/ル/ /リョー/リ/デ/ス/。/イ/ク/ラ/ノ/ /ショー/ユ/ヅ/ケ/ワ/、/サケ/ノ/ /タマゴ/ノ/ /フー/ミ/ト/ /チョー/ミ/リョー/ノ/ /アジ/ガ/ /ゼツ/ミョー/ニ/ /マ/ッ/チ/ /シ/テ/ /オ/リ/、/ゴ/ハン/ノ/ /オ/トモ/ヤ/ /オ/サケ/ノ/ /ツ/マ/ミ/ト/ /シ/テ/ /ニン/キ/ガ/ /ア/リ/マ/ス/。/イ/ク/ラ/ノ/ /ショー/ユ/ヅ/ケ/ワ/、/テ/ガル/ニ/ /ツク/レ/ル/ /コ/ト/カ/ラ/ /カ/テイ/デ/モ/ /ヨ/ク/ /ツク/ラ/レ/マ/ス/シ/、/レ/ス/ト/ラ/ン/デ/モ/ /テイ/キョー/ /サ/レ/ル/ /コ/ト/ガ/ /オオ/イ/デ/ス/。
餃子には 様々な 種類が あります。一般的な 餃子は、豚肉や 野菜を 包んだ ものですが、地域に よっては、海鮮や 鶏肉を 使用 した 餃子も あります。また、焼き餃子、水餃子、蒸し餃子など、調理 方法も 多様です。餃子は、手軽に 作れる ことから 家庭 料理と しても 人気が あり、また、専門店で 提供 される ことも 多いです。	ギョー/ザ/ニ/ワ/ /サマ/ザマ/ナ/ /シュ/ルイ/ガ/ /ア/リ/マ/ス/。/イッ/パン/テキ/ナ/ /ギョー/ザ/ワ/、/ブタ/ニク/ヤ/ /ヤ/サイ/ヲ/ /ツツ/ン/ダ/ /モ/ノ/デ/ス/ガ/、/チ/イキ/ニ/ /ヨ/ッ/テ/ワ/、/カイ/セン/ヤ/ /トリ/ニク/ヲ/ /シ/ヨー/ /シ/タ/ /ギョー/ザ/モ/ /ア/リ/マ/ス/。/マ/タ/、/ヤ/キ/ギョー/ザ/、/スイ/ギョー/ザ/、/ム/シ/ギョー/ザ/ナ/ド/、/チョー/リ/ /ホー/ホー/モ/ /タ/ヨー/デ/ス/。/ギョー/ザ/ワ/、/テ/ガル/ニ/ /ツク/レ/ル/ /コ/ト/カ/ラ/ /カ/テイ/ /リョー/リ/ト/ /シ/テ/モ/ /ニン/キ/ガ/ /ア/リ/、/マ/タ/、/セン/モン/テン/デ/ /テイ/キョー/ /サ/レ/ル/ /コ/ト/モ/ /オオ/イ/デ/ス/。
結局 どれだけ 多くの 単語を 覚えても、実際の 会話や 文章で それらを 適切に 使いこなす ことが 重要です。単語の 意味や 用法を 理解 し、文脈に 応じて 正しく 使用 する ことで、コミュニケーション 能力が 向上 します。また、単語を 覚えるだけで なく、実際に 使って みる ことで、より 深く 理解 し、自然な 表現が できるように なります。	ケッ/キョク/ /ド/レ/ダ/ケ/ /オオ/ク/ノ/ /タン/ゴ/ヲ/ /オボ/エ/テ/モ/、/ジッ/サイ/ノ/ /カイ/ワ/ヤ/ /ブン/ショー/デ/ /ソ/レ/ラ/ヲ/ /テキ/セツ/ニ/ /ツカ/イ/コ/ナ/ス/ /コ/ト/ガ/ /ジュー/ヨー/デ/ス/。/タン/ゴ/ノ/ /イ/ミ/ヤ/ /ヨー/ホー/ヲ/ /リ/カイ/ /シ/、/ブン/ミャク/ニ/ /オウ/ジ/テ/ /タダ/シ/ク/ /シ/ヨー/ /ス/ル/ /コ/ト/デ/、/コ/ミュ/ニ/ケ/ー/ショ/ン/ /ノー/リョク/ガ/ /コー/ジョー/ /シ/マ/ス/。/マ/タ/、/タン/ゴ/ヲ/ /オボ/エ/ル/ダ/ケ/デ/ /ナ/ク/、/ジッ/サイ/ニ/ /ツカ/ッ/テ/ /ミ/ル/ /コ/ト/デ/、/ヨ/リ/ /フカ/ク/ /リ/カイ/ /シ/、/シ/ゼン/ナ/ /ヒョー/ゲン/ガ/ /デ/キ/ル/ヨ/ー/ニ/ /ナ/リ/マ/ス/。
産業 革命は、18 世紀から 19 世紀に かけて 起こった 社会的・経済的な 変革の 時期を 指します。主に イギリスで 始まり、その 後 世界中に 広がりました。産業 革命は、手工業から 機械 工業への 移行を 促し、生産性の 向上や 都市化の 進展など、多くの 社会的 変化を もたらしました。また、労働 条件の 改善や 技術 革新なども この 時期に 大きく 進展 しました。	サン/ギョー/ /カク/メイ/ワ/、/1/8/ /セイ/キ/カ/ラ/ /1/9/ /セイ/キ/ニ/ /カ/ケ/テ/ /オ/コ/ッ/タ/ /シャカ/イ/テキ/・/ケイ/ザイ/テキ/ナ/ /ヘン/カク/ノ/ /ジ/キ/ヲ/ /サ/シ/マ/ス/。/オモ/ニ/ /イ/ギ/リ/ス/デ/ /ハジ/マ/リ/、/ソ/ノ/ /ゴ/ /セ/カイ/ジュー/ニ/ /ヒロ/ガ/リ/マ/シ/タ/。/サン/ギョー/ /カク/メイ/ワ/、/シュ/コー/ギョー/カ/ラ/ /キ/カイ/ /コー/ギョー/エ/ノ/ /イ/コー/ヲ/ /ウナガ/シ/、/セイ/サン/セイ/ノ/ /コー/ジョー/ヤ/ /ト/シ/カ/ノ/ /シン/テン/ナ/ド/、/オオ/ク/ノ/ /シャ/カイ/テキ/ /ヘン/カ/ヲ/ /モ/タ/ラ/シ/マ/シ/タ/。/マ/タ/、/ロー/ドー/ /ジョー/ケン/ノ/ /カイ/ゼン/ヤ/ /ギ/ジュツ/ /カク/シン/ナ/ド/モ/ /コ/ノ/ /ジ/キ/ニ/ /オオ/キ/ク/ /シン/テン/ /シ/マ/シ/タ/。
カセット テープは、磁気 テープを 使用 して 音声や データを 記録 する 媒体です。1970年代から 1990年代に かけて 広く 使用 されましたが、デジタル 音楽の 普及に より、現在では あまり 一般的では ありません。カセット テープは、手軽に 録音や 再生が できる ことから、音楽の 保存や 共有に 利用 されて いました。	カ/セ/ッ/ト/ /テ/ー/プ/ワ/、/ジ/キ/ /テ/ー/プ/ヲ/ /シ/ヨー/ /シ/テ/ /オン/セイ/ヤ/ /デ/ー/タ/ヲ/ /キ/ロク/ /ス/ル/ /バイ/タイ/デ/ス/。/1/9/7/0/ネン/ダイ/カ/ラ/ /1/9/9/0/ネン/ダイ/ニ/ /カ/ケ/テ/ /ヒロ/ク/ /シ/ヨー/ /サ/レ/マ/シ/タ/ガ/、/デ/ジ/タ/ル/ /オン/ガク/ノ/ /フ/キュー/ニ/ /ヨ/リ/、/ゲン/ザイ/デ/ワ/ /ア/マ/リ/ /イッ/パン/テキ/デ/ワ/ /ア/リ/マ/セ/ン/。/カ/セ/ッ/ト/ /テ/ー/プ/ワ/、/テ/ガル/ニ/ /ロク/オン/ヤ/ /サイ/セイ/ガ/ /デ/キ/ル/ /コ/ト/カ/ラ/、/オン/ガク/ノ/ /ホ/ゾン/ヤ/ /キョー/ユー/ニ/ /リ/ヨー/ /サ/レ/テ/ /イ/マ/シ/タ/。
エアコンの 温度は、夏は 涼しく、冬は 暖かく 設定 するのが 一般的です。適切な 温度 設定は、快適な 室内 環境を 保ち、エネルギー 効率も 向上 させます。夏は 26度 前後、冬は 20度 前後が 推奨 される ことが 多いですが、個人の 好みや 体調に よって 調整 する ことも 重要です。	エ/ア/コ/ン/ノ/ /オン/ド/ワ/、/ナツ/ワ/ /スズ/シ/ク/、/フユ/ワ/ /アタタ/カ/ク/ /セッ/テイ/ /ス/ル/ノ/ガ/ /イッ/パン/テキ/デ/ス/。/テキ/セツ/ナ/ オン/ド/ /セッ/テイ/ワ/、/カイ/テキ/ナ/ /シツ/ナイ/ /カン/キョー/ヲ/ /タモ/チ/、/エ/ネ/ル/ギ/ー/ /コー/リツ/モ/ /コー/ジョー/ /サ/セ/マ/ス/。/ナツ/ワ/ /2/6/ド /ゼン/ゴ/、/フユ/ワ/ /2/0/ド/ /ゼン/ゴ/ガ/ /スイ/ショー/ /サ/レ/ル/ /コ/ト/ガ/ /オオ/イ/デ/ス/ガ/、/コ/ジン/ノ/ /コノ/ミ/ヤ/ /タイ/チョー/ニ/ /ヨ/ッ/テ/ /チョー/セイ/ /ス/ル/ /コ/ト/モ/ /ジュー/ヨー/デ/ス/。
前回と 異なり、民主党への 期待を 感じる 中での 選挙。	ゼン/カイ/ト/ /コト/ナ/リ/、/ミン/シュ/トー/エ/ノ/ /キ/タイ/ヲ/ /カン/ジ/ル/ /ナカ/デ/ノ/ /セン/キョ/。
自らの 責任を 認めることを 知らず、すべてを 国民の 意志とは 反対に 推し進める 大統領の 独善と 錯覚が 原因だ。	ミズカ/ラ/ノ/ /セキ/ニン/ヲ/ /ミト/メ/ル/コ/ト/ヲ/ /シ/ラ/ズ/、/ス/ベ/テ/ヲ/ /コク/ミン/ノ/ /イ/シ/ト/ワ/ /ハン/タイ/ニ/ /オ/シ/スス/メ/ル/ /ダイ/トー/リョー/ノ/ /ドク/ゼン/ト/ /サッ/カク/ガ/ /ゲン/イン/ダ/。
同 土地 区画 整理 組合(鈴木 竜一 理事長、組合員 四十三人)が 事業 着手 して いた もので、緑と 住宅が 共存 し、調和の とれた 快適で 安全な 市街地と して 生まれ変わった。	ドー/ /ト/チ/ /ク/カク/ /セイ/リ/ /クミ/アイ/(/スズ/キ/ /リュー/イチ/ /リ/ジ/チョー/、/クミ/アイ/イン/ /ヨン/ジュー/サン/ニン/)/ガ/ /ジ/ギョー/ /チャク/シュ/ /シ/テ/ /イ/タ/ /モ/ノ/デ/、/ミドリ/ト/ /ジュー/タク/ガ/ /キョー/ソン/ /シ/、/チョー/ワ/ノ/ /ト/レ/タ/ /カイ/テキ/デ/ /アン/ゼン/ナ/ /シ/ガイ/チ/ト/ /シ/テ/ /ウ/マ/レ/カ/ワ/ッ/タ/。
二〇二六年 二月 二十一日の 天気は 晴れです。	2/0/2/6/ネン/ /2/ガツ/ /2/_/1/ニチ/ノ/ /テン/キ/ワ/ /ハ/レ/デ/ス/。
コンピュータの 操作に 慣れる。	コ/ン/ピュ/ー/タ/ノ/ /ソー/サ/ニ/ /ナ/レ/ル/。
平均 年齢 八十歳。	ヘイ/キン/ /ネン/レイ/ /8/0/サイ/。
富士山に 登った 経験が あります。	フ/ジ/サン/ニ/ /ノボ/ッ/タ/ /ケイ/ケン/ガ/ /ア/リ/マ/ス/。
駅前の 本屋で 新しい 雑誌を 買う。	エキ/マエ/ノ/ /ホン/ヤ/デ/ /アタラ/シ/イ/ /ザッ/シ/ヲ/ /カ/ウ/。
落書きを して みよう。	ラク/ガ/キ/ヲ/ /シ/テ/ /ミ/ヨ/ウ/。
自由な 発想で 絵を 描く ことが できる 楽しい 活動です。紙と ペンを 用意 して、思いの ままに 線や 形を 描いて みましょう。何も 考えずに 手を 動かす ことで、創造力が 刺激 され、新しい アイデアが 生まれるかも しれません。	ジ/ユー/ナ/ /ハッ/ソー/デ/ /エ/ヲ/ /エガ/ク/ /コ/ト/ガ/ /デ/キ/ル/ /タノ/シ/イ/ /カツ/ドー/デ/ス/。/カミ/ト/ /ペ/ン/ヲ/ /ヨー/イ/ /シ/テ/、/オモ/イ/ノ/ /マ/マ/ニ/ /セン/ヤ/ /カタチ/ヲ/ /エガ/イ/テ/ /ミ/マ/ショ/ー/。/ナニ/モ/ /カンガ/エ/ズ/ニ/ /テ/ヲ/ /ウゴ/カ/ス/ /コ/ト/デ/、/ソー/ゾー/リョク/ガ/ /シ/ゲキ/ /サ/レ/、/アタラ/シ/イ/ /ア/イ/デ/ア/ガ/ /ウ/マ/レ/ル/カ/モ/ /シ/レ/マ/セ/ン/。
ストレス 解消や リラックスにも 効果的です。	ス/ト/レ/ス/ /カイ/ショー/ヤ/ /リ/ラ/ッ/ク/ス/ニ/モ/ /コー/カ/テキ/デ/ス/。
忙しい 日常から 少し 離れて、自由な 時間を 楽しむ ことが できます。	イソガ/シ/イ/ /ニチ/ジョー/カ/ラ/ /スコ/シ/ /ハナ/レ/テ/、/ジ/ユー/ナ/ /ジ/カン/ヲ/ /タノ/シ/ム/ /コ/ト/ガ/ /デ/キ/マ/ス/。
心が 軽く なり、気分も リフレッシュ されるでしょう。	ココロ/ガ/ /カル/ク/ /ナ/リ/、/キ/ブン/モ/ /リ/フ/レ/ッ/シュ/ /サ/レ/ル/デ/ショ/ー/。
[今日]は 令和 ７年 ８月 ３１日です。	キョー/ワ/ /レイ/ワ/ /7/ネン/ /8/ガツ/ /3/1/ニチ/デ/ス/。
プログラミングは 創造的な 活動だとも 言われて います。コードを 書く ことで、アイデアを 形に する ことが できます。	プ/ロ/グ/ラ/ミ/ン/グ/ワ/ /ソー/ゾー/テキ/ナ/ /カツ/ドー/ダ/ト/モ/ /イ/ワ/レ/テ/ /イ/マ/ス/。/コ/ー/ド/ヲ/ /カ/ク/ /コ/ト/デ/、/ア/イ/デ/ア/ヲ/ /カタチ/ニ/ /ス/ル/ /コ/ト/ガ/ /デ/キ/マ/ス/。
機械 学習を 行う 上で データ セットの 前処理は 重要な ステップです。データを クリーンに し、適切な 形式に 変換 する ことで、モデルの 性能が 向上 します。	キ/カイ/ /ガク/シュー/ヲ/ /オコナ/ウ/ /ウエ/デ/ /デ/ー/タ/ /セ/ッ/ト/ノ/ /マエ/ショ/リ/ワ/ /ジュー/ヨー/ナ/ /ス/テ/ッ/プ/デ/ス/。/デ/ー/タ/ヲ/ /ク/リ/ー/ン/ニ/ /シ/、/テキ/セツ/ナ/ /ケイ/シキ/ニ/ /ヘン/カン/ /ス/ル/ /コ/ト/デ/、/モ/デ/ル/ノ/ /セイ/ノー/ガ/ /コー/ジョー/ /シ/マ/ス/。
データの 前処理には、欠損値の 処理、異常値の 検出、特徴量の スケーリングなどが 含まれます。	デ/ー/タ/ノ/ /マエ/ショ/リ/ニ/ワ/、/ケッ/ソン/チ/ノ/ /ショ/リ/、/イ/ジョー/チ/ノ/ /ケン/シュツ/、/トク/チョー/リョー/ノ/ /ス/ケ/ー/リ/ン/グ/ナ/ド/ガ/ /フク/マ/レ/マ/ス/。
これらの ステップを 丁寧に 行う ことで、モデルの 精度が 向上 し、より 良い 予測が 可能に なります。	コ/レ/ラ/ノ/ /ス/テ/ッ/プ/ヲ/ /テイ/ネイ/ニ/ /オコナ/ウ/ /コ/ト/デ/、/モ/デ/ル/ノ/ /セイ/ド/ガ/ /コー/ジョー/ /シ/、/ヨ/リ/ /ヨ/イ/ /ヨ/ソク/ガ/ /カ/ノー/ニ/ /ナ/リ/マ/ス/。
太陽系の 惑星で 最も 太陽に 近いのは 水星で、その 次は 金星、地球、火星、木星、土星、天王星、海王星の 順です。	タイ/ヨー/ケイ/ノ/ /ワク/セイ/デ/ /モット/モ/ /タイ/ヨー/ニ/ /チカ/イ/ノ/ワ/ /スイ/セイ/デ/、/ソ/ノ/ /ツギ/ワ/ /キン/セイ/、/チ/キュー/、/カ/セイ/、/モク/セイ/、/ド/セイ/、/テン/ノー/セイ/、/カイ/オー/セイ/ノ/ /ジュン/デ/ス/。
平幕の 力士が 横綱に 勝つ ことを 金星を 取ると 言います。これは、横綱が 最も 強い 力士で ある ため、平幕の 力士が 勝つ ことは 非常に 珍しい ことから 来て います。	ヒラ/マク/ノ/ /リ/キシ/ガ/ /ヨコ/ヅナ/ニ/ /カ/ツ/ /コ/ト/ヲ/ /キン/ボシ/ヲ/ /ト/ル/ト/ /イ/イ/マ/ス/。/コ/レ/ワ/、/ヨコ/ヅナ/ガ/ /モット/モ/ /ツヨ/イ/ /リ/キシ/デ/ /ア/ル/ /タ/メ/、/ヒラ/マク/ノ/ /リ/キシ/ガ/ /カ/ツ/ /コ/ト/ワ/ /ヒ/ジョー/ニ/ /メズラ/シ/イ/ /コ/ト/カ/ラ/ /キ/テ/ /イ/マ/ス/。
２酸化 炭素の 排出量は、地球 温暖化の 主な 原因の 一つと されて います。化石 燃料の 燃焼や 森林 破壊などが 主な 排出源で あり、これらを 削減 する ことが 地球 環境の 保護に 繋がります。再生 可能 エネルギーの 利用や 省エネルギーの 推進などが、排出量 削減の ための 重要な 対策と なって います。	２/サン/カ/ /タン/ソ/ノ/ /ハイ/シュツ/リョー/ワ/、/チ/キュー/ /オン/ダン/カ/ノ/ /オモ/ナ/ /ゲン/イン/ノ/ /ヒト/ツ/ト/ /サ/レ/テ/ /イ/マ/ス/。/カ/セキ/ /ネン/リョー/ノ/ /ネン/ショー/ヤ/ /シン/リン/ /ハ/カイ/ナ/ド/ガ/ /オモ/ナ/ /ハイ/シュツ/ゲン/デ/ /ア/リ/、/コ/レ/ラ/ヲ/ /サク/ゲン/ /ス/ル/ /コ/ト/ガ/ /チ/キュー/ /カン/キョー/ノ/ /ホ/ゴ/ニ/ /ツナ/ガ/リ/マ/ス/。/サイ/セイ/ /カ/ノー/ /エ/ネ/ル/ギ/ー/ノ/ /リ/ヨー/ヤ/ /ショー/エ/ネ/ル/ギ/ー/ノ/ /スイ/シン/ナ/ド/ガ/、/ハイ/シュツ/リョー/ /サク/ゲン/ノ/ /タ/メ/ノ/ /ジュー/ヨー/ナ/ /タイ/サク/ト/ /ナ/ッ/テ/ /イ/マ/ス/。
短波 放送は、主に 国際 放送や 地域 放送で 使用 される 無線 通信の 一形態です。短波は 地球の 大気中を 長距離 伝播 する ことが できる ため、遠く 離れた 場所からの 放送を 受信 する ことが 可能です。短波 放送は、災害時の 情報 伝達や 国際 交流など、様々な 目的で 利用 されて います。	タン/パ/ /ホー/ソー/ワ/、/オモ/ニ/ /コク/サイ/ /ホー/ソー/ヤ/ /チ/イキ/ /ホー/ソー/デ/ /シ/ヨー/ /サ/レ/ル/ /ム/セン/ /ツー/シン/ノ/ /１/ケイ/タイ/デ/ス/。/タン/パ/ワ/ /チ/キュー/ノ/ /タイ/キ/チュー/ヲ/ /チョー/キョ/リ/ /デン/パ/ /ス/ル/ /コ/ト/ガ/ /デ/キ/ル/ /タ/メ/、/トオ/ク/ /ハナ/レ/タ/ /バ/ショ/カ/ラ/ノ/ /ホー/ソー/ヲ/ /ジュ/シン/ /ス/ル/ /コ/ト/ガ/ /カ/ノー/デ/ス/。/タン/パ/ /ホー/ソー/ワ/、/サイ/ガイ/ジ/ノ/ /ジョー/ホー/ /デン/タツ/ヤ/ /コク/サイ/ /コー/リュー/ナ/ド/、/サマ/ザマ/ナ/ /モク/テキ/デ/ /リ/ヨー/ /サ/レ/テ/ /イ/マ/ス/。
電池の 種類には、アルカリ 電池、リチウム イオン 電池、ニッケル 水素 電池などが あります。アルカリ 電池は 一般的な 使い捨て 電池で、リチウム イオン 電池は 充電式で 高エネルギー 密度を 持ち、ニッケル 水素 電池は 充電式で 環境に 優しい 特徴が あります。用途や 必要な 性能に 応じて、適切な 種類の 電池を 選ぶ ことが 重要です。	デン/チ/ノ/ /シュ/ルイ/ニ/ワ/、/ア/ル/カ/リ/ /デン/チ/、/リ/チ/ウ/ム/ /イ/オ/ン/ /デン/チ/、/ニ/ッ/ケ/ル/ /スイ/ソ/ /デン/チ/ナ/ド/ガ/ /ア/リ/マ/ス/。/ア/ル/カ/リ/ /デン/チ/ワ/ /イッ/パン/テキ/ナ/ /ツカ/イ/ス/テ/ /デン/チ/デ/、/リ/チ/ウ/ム/ /イ/オ/ン/ /デン/チ/ワ/ ジュー/デン/シキ/デ/ /コー/エ/ネ/ル/ギ/ー/ /ミツ/ド/ヲ/ /モ/チ/、/ニ/ッ/ケ/ル/ /スイ/ソ/ /デン/チ/ワ/ /ジュー/デン/シキ/デ/ /カン/キョー/ニ/ ヤサ/シ/イ/ /トク/チョー/ガ/ /ア/リ/マ/ス/。/ヨー/ト/ヤ/ /ヒツ/ヨー/ナ/ /セイ/ノー/ニ/ /オー/ジ/テ/、/テキ/セツ/ナ/ /シュ/ルイ/ノ/ /デン/チ/ヲ/ /エラ/ブ/ /コ/ト/ガ/ /ジュー/ヨー/デ/ス/。
レコードの 再生には、ターン テーブルと 呼ばれる 装置が 使用 されます。レコードは、溝に 刻まれた 音声 情報を 針が 読み取る ことで 音を 再生 します。ターン テーブルは、レコードを 回転 させる ための 機構と、針を 正確に 溝に 接触 させる ための アームを 備えて います。高品質な ターン テーブルは、音質の 向上や レコードの 保護にも 寄与 します。	レ/コ/ー/ド/ノ/ /サイ/セイ/ニ/ワ/、/タ/ー/ン/ /テ/ー/ブ/ル/ト/ /ヨ/バ/レ/ル/ /ソー/チ/ガ/ /シ/ヨー/ /サ/レ/マ/ス/。/レ/コ/ー/ド/ワ/、/ミゾ/ニ/ /キザ/マ/レ/タ/ /オン/セイ/ /ジョー/ホー/ヲ/ /ハリ/ガ/ /ヨ/ミ/ト/ル/ /コ/ト/デ/ /オト/ヲ/ /サイ/セイ/ /シ/マ/ス/。/タ/ー/ン/ /テ/ー/ブ/ル/ワ/、/レ/コ/ー/ド/ヲ/ /カイ/テン/ /サ/セ/ル/ /タ/メ/ノ/ /キ/コー/ト/、/ハリ/ヲ/ /セイ/カク/ニ/ /ミゾ/ニ/ /セッ/ショク/ /サ/セ/ル/ /タ/メ/ノ/ /ア/ー/ム/ヲ/ /ソナ/エ/テ/ /イ/マ/ス/。/コー/ヒン/シツ/ナ/ /タ/ー/ン/ /テ/ー/ブ/ル/ワ/、/オン/シツ/ノ/ /コー/ジョー/ヤ/ /レ/コ/ー/ド/ノ/ /ホ/ゴ/ニ/モ/ /キ/ヨ/ /シ/マ/ス/。
日本の 伝統的な 建築 様式には、木造 建築が 多く 見られます。特に、神社や 寺院などの 宗教 建築は、木材を 使用 した 独特の 構造や 装飾が 特徴です。また、住宅 建築では、畳や 障子などの 和風 要素が 取り入れられて います。これらの 建築 様式は、日本の 自然 環境や 文化に 深く 根ざして おり、現代でも 多くの 人々に 愛されて います。	ニッ/ポン/ノ/ / デン/トー/テキ/ナ/ /ケン/チク/ /ヨー/シキ/ニ/ワ/、/モク/ゾー/ /ケン/チク/ガ/ /オオ/ク/ /ミ/ラ/レ/マ/ス/。/トク/ニ/、/ジン/ジャ/ヤ/ /ジ/イン/ナ/ド/ノ/ /シュー/キョー/ /ケン/チク/ワ/、/モク/ザイ/ヲ/ /シ/ヨー/ /シ/タ/ /ドク/トク/ノ/ /コー/ゾー/ヤ/ /ソー/ショク/ガ/ /トク/チョー/デ/ス/。/マ/タ/、/ジュー/タク/ /ケン/チク/デ/ワ/、/タタミ/ヤ/ /ショー/ジ/ナ/ド/ノ/ /ワ/フー/ /ヨー/ソ/ガ/ /ト/リ/イ/レ/ラ/レ/テ/ /イ/マ/ス/。/コ/レ/ラ/ノ/ /ケン/チク/ /ヨー/シキ/ワ/、/ニッ/ポン/ノ/ /シ/ゼン/ /カン/キョー/ヤ/ /ブン/カ/ニ/ /フカ/ク/ /ネ/ザ/シ/テ/ /オ/リ/、/ゲン/ダイ/デ/モ/ /オオ/ク/ノ/ /ヒト/ビト/ニ/ /アイ/サ/レ/テ/ /イ/マ/ス/。
私の 友人に 井上 さんと いう 人が います。彼は とても 親切で、いつも 周りの 人を 助ける ことを 大切に して います。井上 さんは、趣味で 料理を する ことが 好きで、特に 和食を 得意と して います。彼の 作る 料理は いつも 美味しく、友人たちからも 大好評です。また、井上 さんは 旅行が 好きで、これまでに 多くの 国を 訪れて います。彼の 旅行話は とても 面白く、聞いて いるだけで ワクワク します。	ワタシ/ノ/ /ユー/ジン/ニ/ /イノ/ウエ/サ/ン/ト/ /イ/ウ/ ヒト/ガ/ /イ/マ/ス/。/カレ/ワ/ /ト/テ/モ/ /シン/セツ/デ/、/イ/ツ/モ/ /マワ/リ/ノ/ /ヒト/ヲ/ /タス/ケ/ル/ /コ/ト/ヲ/ /タイ/セツ/ニ/ /シ/テ/ /イ/マ/ス/。/イノ/ウエ/サ/ン/ワ/、/シュ/ミ/デ/ /リョー/リ/ヲ/ /ス/ル/ /コ/ト/ガ/ /ス/キ/デ/、/トク/ニ/ /ワ/ショク/ヲ/ /トク/イ/ト/ /シ/テ/ /イ/マ/ス/。/カレ/ノ/ /ツク/ル/ /リョー/リ/ワ/ /イ/ツ/モ/ /オ/イ/シ/ク/、/ユー/ジン/タ/チ/カ/ラ/モ/ /ダイ/コー/ヒョー/デ/ス/。/マ/タ/、/イノ/ウエ/ /サ/ン/ワ/ /リョ/コー/ガ/ /ス/キ/デ/、/コ/レ/マ/デ/ニ/ /オオ/ク/ノ/ /クニ/ヲ/ /オトズ/レ/テ/ /イ/マ/ス/。/カレ/ノ/ /リョ/コー/バナシ/ワ/ /ト/テ/モ/ /オモ/シロ/ク/、/キ/イ/テ/ /イ/ル/ダ/ケ/デ/ /ワ/ク/ワ/ク/ /シ/マ/ス/。
北海道の 摩周湖は、透明度が 非常に 高い ことで 知られて います。湖の 水は 澄んで おり、底まで 見える ことが 多いです。摩周湖は、火山 活動に よって 形成 された カルデラ湖で あり、その 美しい 景観は 多くの 観光客を 魅了 して います。また、摩周湖は 霧が 発生 し やすい ことでも 有名で、霧に 包まれた 湖の 風景は 幻想的な 雰囲気を 醸し出します。	ホッ/カイ/ドー/ノ/ /マ/シュー/コ/ワ/、/トー/メイ/ド/ガ/ /ヒ/ジョー/ニ/ /タカ/イ/ /コ/ト/デ/ /シ/ラ/レ/テ/ /イ/マ/ス/。/ミズウミ/ノ/ /ミズ/ワ/ ス/ン/デ/ /オ/リ/、/ソコ/マ/デ/ ミ/エ/ル/ /コ/ト/ガ/ /オオ/イ/デ/ス/。/マ/シュー/コ/ワ/、/カ/ザン/ /カツ/ドー/ニ/ /ヨ/ッ/テ/ /ケイ/セイ/ /サ/レ/タ/ /カ/ル/デ/ラ/コ/デ/ /ア/リ/、/ソ/ノ/ /ウツク/シ/イ/ /ケイ/カン/ワ/ /オオ/ク/ノ/ /カン/コー/キャク/ヲ/ /ミ/リョー/ /シ/テ/ /イ/マ/ス/。/マ/タ/、/マ/シュー/コ/ワ/ /キリ/ガ/ /ハッ/セイ/ /シ/ヤ/ス/イ/ /コ/ト/デ/モ/ /ユー/メイ/デ/、/キリ/ニ/ ツツ/マ/レ/タ/ /ミズウミ/ノ/ /フー/ケイ/ワ/ /ゲン/ソー/テキ/ナ/ /フン/イ/キ/ヲ/ /カモ/シ/ダ/シ/マ/ス/。
北海道の 民謡で 有名なのは、「ソーラン節」です。ソーラン節は、漁師たちが 漁を する 際に 歌う 歌で、力強い リズムと 独特の メロディが 特徴です。この 民謡は、北海道の 文化や 歴史を 反映 して おり、地域の 祭りや イベントで よく 演奏 されます。また、ソーラン節は、ダンスと 組み合わせて 披露 される ことも 多く、その 迫力 ある パフォーマンスは 観客を 魅了 します。	ホッ/カイ/ドー/ノ/ /ミン/ヨー/デ/ /ユー/メイ/ナ/ノ/ワ/、/「/ソ/ー/ラ/ン/ブシ/」/デ/ス/。/ソ/ー/ラ/ン/ブシ/ワ/、/リョー/シ/タ/チ/ガ/ /リョー/ヲ/ /ス/ル/ /サイ/ニ/ /ウタ/ウ/ /ウタ/デ/、/チカラ/ヅヨ/イ/ /リ/ズ/ム/ト/ /ドク/トク/ノ/ /メ/ロ/ディ/ガ/ /トク/チョー/デ/ス/。/コ/ノ/ /ミン/ヨー/ワ/、/ホッ/カイ/ドー/ノ/ /ブン/カ/ヤ/ /レキ/シ/ヲ/ /ハン/エイ/ /シ/テ/ /オ/リ/、/チ/イキ/ノ/ /マツ/リ/ヤ/ /イ/ベ/ン/ト/デ/ /ヨ/ク/ /エン/ソー/ /サ/レ/マ/ス/。/マ/タ/、/ソ/ー/ラ/ン/ブシ/ワ/、/ダ/ン/ス/ト/ /ク/ミ/ア/ワ/セ/テ/ /ヒ/ロー/ /サ/レ/ル/ /コ/ト/モ/ /オオ/ク/、/ソ/ノ/ /ハク/リョク/ /ア/ル/ /パ/フォ/ー/マ/ン/ス/ワ/ /カン/キャク/ヲ/ /ミ/リョー/ /シ/マ/ス/。
焼餃子は、餃子の 中でも 特に 人気の ある 調理 方法です。焼餃子は、フライパンで 焼いて 作られます。まず、餃子を フライパンに 並べ、少量の 油を 加えて 焼きます。底が カリッと したら、水を 加えて 蓋を し、蒸し焼きに します。最後に 蓋を 外して 水分を 飛ばし、さらに 焼いて 完成です。焼き餃子は、外は パリッと、中は ジューシーな 食感が 特徴で、多くの 人に 愛されて います。	ヤキ/ギョー/ザ/ワ/、/ギョー/ザ/ノ/ /ナカ/デ/モ/ /トク/ニ/ /ニン/キ/ノ/ /ア/ル/ /チョー/リ/ /ホー/ホー/デ/ス/。/ヤキ/ギョー/ザ/ワ/、/フ/ラ/イ/パ/ン/デ/ /ヤ/イ/テ/ /ツク/ラ/レ/マ/ス/。/マ/ズ/、/ギョー/ザ/ヲ/ /フ/ラ/イ/パ/ン/ニ/ /ナラ/ベ/、/ショー/リョー/ノ/ /アブラ/ヲ/ /クワ/エ/テ/ /ヤ/キ/マ/ス/。/ソコ/ガ/ /カ/リ/ッ/ト/ /シ/タ/ラ/、/ミズ/ヲ/ /クワ/エ/テ/ /フタ/ヲ/ /シ/、/ム/シ/ヤ/キ/ニ/ /シ/マ/ス/。/サイ/ゴ/ニ/ /フタ/ヲ/ /ハズ/シ/テ/ /スイ/ブン/ヲ/ /ト/バ/シ/、/サ/ラ/ニ/ /ヤ/イ/テ/ /カン/セイ/デ/ス/。/ヤ/キ/ギョー/ザ/ワ/、/ソト/ワ/ /パ/リ/ッ/ト/、/ナカ/ワ/ /ジュ/ー/シ/ー/ナ/ /ショッ/カン/ガ/ /トク/チョー/デ/、/オオ/ク/ノ/ /ヒト/ニ/ /アイ/サ/レ/テ/ /イ/マ/ス/。
焼き ビーフンも 美味しいですね。ビーフンは、米粉から 作られた 細い 麺で、焼 ビーフンは、野菜や 肉と 一緒に 炒めて 作られます。焼 ビーフンは、香ばしい 風味と 豊かな 味わいが 特徴で、アジア 料理の 中でも 人気の ある 一品です。焼き ビーフンは、簡単に 作れる ことから 家庭 料理と しても よく 作られますし、レストランでも 提供 される ことが 多いです。	ヤ/キ/ /ビ/ー/フ/ン/モ/ /オ/イ/シ/イ/デ/ス/ネ/。/ビ/ー/フ/ン/ワ/、/コメ/コ/カ/ラ/ /ツク/ラ/レ/タ/ /ホソ/イ/ /メン/デ/、/ヤキ/ /ビ/ー/フ/ン/ワ/、/ヤ/サイ/ヤ/ /ニク/ト/ /イッ/ショ/ニ/ /イタ/メ/テ/ /ツク/ラ/レ/マ/ス/。/ヤキ/ /ビ/ー/フ/ン/ワ/、/コー/バ/シ/イ/ /フー/ミ/ト/ /ユタ/カ/ナ/ /アジ/ワ/イ/ガ/ /トク/チョー/デ/、/ア/ジ/ア/ /リョー/リ/ノ/ /ナカ/デ/モ/ /ニン/キ/ノ/ /ア/ル/ イッ/ピン/デ/ス/。/ヤ/キ/ /ビ/ー/フ/ン/ワ/、/カン/タン/ニ/ /ツク/レ/ル/ /コ/ト/カ/ラ/ /カ/テイ/ /リョー/リ/ト/ /シ/テ/モ/ /ヨ/ク/ /ツク/ラ/レ/マ/ス/シ/、/レ/ス/ト/ラ/ン/デ/モ/ /テイ/キョー/ /サ/レ/ル/ /コ/ト/ガ/ /オオ/イ/デ/ス/。
そばを 食べた 後には そば汁を 飲む ことが 一般的です。そば汁は、そばの 風味を 引き立てる ために 作られた 特製の つゆで、通常は 醤油や みりん、だしなどが 使われます。そば汁は、そばを 食べた 後に 飲む ことで、口の 中を さっぱりと させる 効果が あります。また、そば汁には 栄養も 含まれて おり、健康にも 良いと されて います。	ソ/バ/ヲ/ /タ/ベ/タ/ /アト/ニ/ワ/ /ソ/バ/ジル/ヲ/ /ノ/ム/ /コ/ト/ガ/ /イッ/パン/テキ/デ/ス/。/ソ/バ/ジル/ワ/、/ソ/バ/ノ/ /フー/ミ/ヲ/ /ヒ/キ/タ/テ/ル/ /タ/メ/ニ/ /ツク/ラ/レ/タ/ /トク/セイ/ノ/ /ツ/ユ/デ/、/ツー/ジョー/ワ/ /ショー/ユ/ヤ/ /ミ/リ/ン/、/ダ/シ/ナ/ド/ガ/ /ツカ/ワ/レ/マ/ス/。/ソ/バ/ジル/ワ/、/ソ/バ/ヲ/ /タ/ベ/タ/ /アト/ニ/ /ノ/ム/ /コ/ト/デ/、/クチ/ノ/ /ナカ/ヲ/ /サ/ッ/パ/リ/ト/ /サ/セ/ル/ /コー/カ/ガ/ /ア/リ/マ/ス/。/マ/タ/、/ソ/バ/ジル/ニ/ワ/ /エイ/ヨー/モ/ /フク/マ/レ/テ/ /オ/リ/、/ケン/コー/ニ/モ/ /ヨ/イ/ト/ /サ/レ/テ/ /イ/マ/ス/。
朝食には、パンと コーヒーだけで なく、野菜や 果物を 加える ことで 栄養 バランスが 改善 されます。特に、ビタミンや ミネラルを 豊富に 含む 野菜は、一日の エネルギー源と して 重要な 役割を 果たします。忙しい 朝でも、簡単な サラダや スムージーを 準備 する ことで、健康的な 食生活を 維持 する ことが できます。	チョー/ショク/ニ/ワ/、/パ/ン/ト/ /コ/ー/ヒ/ー/ダ/ケ/デ/ /ナ/ク/、/ヤ/サイ/ヤ/ /クダ/モノ/ヲ/ /クワ/エ/ル/ /コ/ト/デ/ /エイ/ヨー/ /バ/ラ/ン/ス/ガ/ /カイ/ゼン/ /サ/レ/マ/ス/。/トク/ニ/、/ビ/タ/ミ/ン/ヤ/ /ミ/ネ/ラ/ル/ヲ/ /ホー/フ/ニ/ /フク/ム/ /ヤ/サイ/ワ/、/１/ニチ/ノ/ /エ/ネ/ル/ギ/ー/ゲン/ト/ /シ/テ/ /ジュー/ヨー/ナ/ /ヤク/ワリ/ヲ/ /ハ/タ/シ/マ/ス/。/イソガ/シ/イ/ /アサ/デ/モ/、/カン/タン/ナ/ /サ/ラ/ダ/ヤ/ /ス/ム/ー/ジ/ー/ヲ/ /ジュン/ビ/ /ス/ル/ /コ/ト/デ/、/ケン/コー/テキ/ナ/ /ショク/セイ/カツ/ヲ/ /イ/ジ/ /ス/ル/ /コ/ト/ガ/ /デ/キ/マ/ス/。
サッカーは 世界中で 愛されて いる スポーツで あり、子どもから [大人]まで 幅広い 年齢層が 楽しんで います。チーム ワークや 戦略的 思考を 養う ことが できる ため、単なる 運動 以上の 価値が あります。週末に 友人と 集まって ボールを 蹴る ことで、運動不足の 解消だけで なく、コミュニケーションの 機会も 得られます。	サ/ッ/カ/ー/ワ/ /セ/カイ/ジュー/デ/ /アイ/サ/レ/テ/ /イ/ル/ /ス/ポ/ー/ツ/デ/ /ア/リ/、/コ/ド/モ/カ/ラ/ /オトナ/マ/デ/ /ハバ/ヒロ/イ/ /ネン/レイ/ソー/ガ/ /タノ/シ/ン/デ/ /イ/マ/ス/。/チ/ー/ム/ /ワ/ー/ク/ヤ/ /セン/リャク/テキ/ /シ/コー/ヲ/ /ヤシナ/ウ/ /コ/ト/ガ/ /デ/キ/ル/ /タ/メ/、/タン/ナ/ル/ /ウン/ドー/ /イ/ジョー/ノ/ /カ/チ/ガ/ /ア/リ/マ/ス/。/シュー/マツ/ニ/ /ユー/ジン/ト/ /アツ/マ/ッ/テ/ /ボ/ー/ル/ヲ/ /ケ/ル/ /コ/ト/デ/、/ウン/ドー/ブ/ソク/ノ/ /カイ/ショー/ダ/ケ/デ/ /ナ/ク/、/コ/ミュ/ニ/ケ/ー/ショ/ン/ノ/ /キ/カイ/モ/ /エ/ラ/レ/マ/ス/。
読書は 想像力を 豊かに し、新しい 知識や 視点を 提供 して くれる 素晴らしい 習慣です。小説を 読む ことで、登場 人物の 心情や 物語の 世界に 没入 し、日常とは 異なる 体験を 味わう ことが できます。また、専門書や ビジネス書を 読む ことで、仕事や キャリアに 役立つ スキルを 身に つける ことも 可能です。	ドク/ショ/ワ/ /ソー/ゾー/リョク/ヲ/ /ユタ/カ/ニ/ /シ/、/アタラ/シ/イ/ /チ/シキ/ヤ/ /シ/テン/ヲ/ /テイ/キョー/ /シ/テ/ /ク/レ/ル/ /ス/バ/ラ/シ/イ/ /シュー/カン/デ/ス/。/ショー/セツ/ヲ/ /ヨ/ム/ /コ/ト/デ/、/トー/ジョー/ /ジン/ブツ/ノ/ /シン/ジョー/ヤ/ /モノ/ガタリ/ノ/ /セ/カイ/ニ/ /ボツ/ニュー/ /シ/、/ニチ/ジョー/ト/ワ/ /コト/ナ/ル/ /タイ/ケン/ヲ/ /アジ/ワ/ウ/ /コ/ト/ガ/ /デ/キ/マ/ス/。/マ/タ/、/セン/モン/ショ/ヤ/ /ビ/ジ/ネ/ス/ショ/ヲ/ /ヨ/ム/ /コ/ト/デ/、/シ/ゴト/ヤ/ /キャ/リ/ア/ニ/ /ヤク/ダ/ツ/ /ス/キ/ル/ヲ/ /ミ/ニ/ /ツ/ケ/ル/ /コ/ト/モ/ /カ/ノー/デ/ス/。
春の 桜が 咲く 季節には、多くの 人々が 花見に 出かけます。桜の 花びらが 風に 舞う 光景は、日本の 春の 風物詩と して 親しまれて います。公園や 川沿いで お弁当を 広げて、家族や 友人と 楽しい 時間を 過ごす ことは、日本の 伝統的な 文化の 一つです。短い 開花 期間を 楽しむ ために、毎年 多くの 人が 訪れます。	ハル/ノ/ /サクラ/ガ/ /サ/ク/ /キ/セツ/ニ/ワ/、/オオ/ク/ノ/ /ヒト/ビト/ガ/ /ハナ/ミ/ニ/ /デ/カ/ケ/マ/ス/。/サクラ/ノ/ /ハナ/ビ/ラ/ガ/ /カゼ/ニ/ /マ/ウ/ /コー/ケイ/ワ/、/ニッ/ポン/ノ/ /ハル/ノ/ /フー/ブツ/シ/ト/ /シ/テ/ /シタ/シ/マ/レ/テ/ /イ/マ/ス/。/コー/エン/ヤ/ /カワ/ゾ/イ/デ/ /オ/ベン/トー/ヲ/ /ヒロ/ゲ/テ/、/カ/ゾク/ヤ/ /ユー/ジン/ト/ /タノ/シ/イ/ /ジ/カン/ヲ/ /ス/ゴ/ス/ /コ/ト/ワ/、/ニッ/ポン/ノ/ /デン/トー/テキ/ナ/ /ブン/カ/ノ/ /ヒト/ツ/デ/ス/。/ミジカ/イ/ /カイ/カ/ /キ/カン/ヲ/ /タノ/シ/ム/ /タ/メ/ニ/、/マイ/トシ/ /オオ/ク/ノ/ /ヒト/ガ/ /オトズ/レ/マ/ス/。
最近の スマートフォンは、高性能な カメラや 音声 機能を 搭載 して おり、日常 生活に 欠かせない ツールと なって います。写真 撮影だけで なく、ビデオ 通話や 決済、健康 管理など、さまざまな 用途で 活用 されて います。しかし、使いすぎには 注意が 必要で、適度な 休憩を 取りながら 利用 する ことが 推奨 されます。	サイ/キン/ノ/ /ス/マ/ー/ト/フォ/ン/ワ/、/コー/セイ/ノー/ナ/ /カ/メ/ラ/ヤ/ /オン/セイ/ /キ/ノー/ヲ/ /トー/サイ/ /シ/テ/ /オ/リ/、/ニチ/ジョー/ /セイ/カツ/ニ/ /カ/カ/セ/ナ/イ/ /ツ/ー/ル/ト/ /ナ/ッ/テ/ /イ/マ/ス/。/シャ/シン/ /サツ/エイ/ダ/ケ/デ/ /ナ/ク/、/ビ/デ/オ/ /ツー/ワ/ヤ/ /ケッ/サイ/、/ケン/コー/ /カン/リ/ナ/ド/、/サ/マ/ザ/マ/ナ/ /ヨー/ト/デ/ /カツ/ヨー/ /サ/レ/テ/ /イ/マ/ス/。/シ/カ/シ/、/ツカ/イ/ス/ギ/ニ/ワ/ /チュー/イ/ガ/ /ヒツ/ヨー/デ/、/テキ/ド/ナ/ /キュー/ケイ/ヲ/ /ト/リ/ナ/ガ/ラ/ /リ/ヨー/ /ス/ル/ /コ/ト/ガ/ /スイ/ショー/ /サ/レ/マ/ス/。
